bats,team,status,throws,position,full_name,player_id,team_abbr,injury_note,status_code,jersey_number,position_type,status_description
S,Arizona Diamondbacks,active,R,1B,Ildemaro Vargas,545121,ARI,,A,6,1B,Active
S,Arizona Diamondbacks,active,R,2B,Ketel Marte,606466,ARI,,A,4,2B,Active
R,Arizona Diamondbacks,active,R,3B,Nolan Arenado,571448,ARI,,A,28,3B,Active
R,Arizona Diamondbacks,active,R,C,Gabriel Moreno,672515,ARI,,A,14,C,Active
R,Arizona Diamondbacks,active,R,C,James McCann,543510,ARI,,A,8,C,Active
L,Arizona Diamondbacks,active,L,DH,Pavin Smith,656976,ARI,,A,26,DH,Active
L,Arizona Diamondbacks,active,L,RF,Corbin Carroll,682998,ARI,,A,7,OF,Active
R,Arizona Diamondbacks,IL,R,LF,Jordan Lawlar,691783,ARI,Right hamstring strain,D10,10,OF,Injured 10-Day
S,Arizona Diamondbacks,active,L,CF,Jorge Barrosa,678489,ARI,,A,1,OF,Active
R,Arizona Diamondbacks,active,R,LF,Lourdes Gurriel Jr.,666971,ARI,,A,12,OF,Active
L,Arizona Diamondbacks,active,L,LF,Max Kepler,596146,ARI,,A,22,OF,Active
R,Arizona Diamondbacks,active,R,LF,Tim Tawa,694374,ARI,,A,13,OF,Active
R,Arizona Diamondbacks,active,R,LF,Tommy Troy,694371,ARI,,A,9,OF,Active
L,Arizona Diamondbacks,IL,L,P,A.J. Puk,640462,ARI,Left ulnar collateral ligament surgery recovery.,D60,33,RP,Injured 60-Day
L,Arizona Diamondbacks,IL,L,P,Andrew Saalfrank,685314,ARI,Left labrum repair surgery.,D60,27,RP,Injured 60-Day
L,Arizona Diamondbacks,IL,L,P,Blake Walston,686796,ARI,Left UCL surgery,D60,48,RP,Injured 60-Day
R,Arizona Diamondbacks,active,R,P,Brandon Pfaadt,694297,ARI,,A,32,RP,Active
L,Arizona Diamondbacks,active,L,P,Brandyn Garcia,805299,ARI,,A,55,RP,Active
R,Arizona Diamondbacks,IL,R,P,Corbin Burnes,669203,ARI,Right ulnar collateral ligament surgery recovery.,D60,39,RP,Injured 60-Day
R,Arizona Diamondbacks,IL,R,P,Cristian Mena,691441,ARI,Right shoulder strain,D60,64,RP,Injured 60-Day
R,Arizona Diamondbacks,active,R,P,Drey Jameson,686753,ARI,,A,99,RP,Active
L,Arizona Diamondbacks,active,L,P,Eduardo Rodriguez,593958,ARI,,A,57,RP,Active
R,Arizona Diamondbacks,active,R,P,Jonathan Loáisiga,642528,ARI,,A,43,RP,Active
R,Arizona Diamondbacks,active,R,P,Jose Cabrera,703615,ARI,,A,53,RP,Active
R,Arizona Diamondbacks,active,R,P,Juan Morillo,666661,ARI,,A,62,RP,Active
R,Arizona Diamondbacks,IL,R,P,Justin Martinez,679885,ARI,Recovery from right ulnar collateral ligament surgery.,D60,63,RP,Injured 60-Day
L,Arizona Diamondbacks,active,R,P,Kevin Ginkel,656464,ARI,,A,37,RP,Active
R,Arizona Diamondbacks,active,R,P,Merrill Kelly,518876,ARI,,A,29,RP,Active
R,Arizona Diamondbacks,IL,R,P,Michael Soroka,647336,ARI,Left glute strain,D15,34,RP,Injured 15-Day
R,Arizona Diamondbacks,active,R,P,Paul Sewald,623149,ARI,,A,38,RP,Active
R,Arizona Diamondbacks,active,R,P,Ryan Thompson,657044,ARI,,A,81,RP,Active
R,Arizona Diamondbacks,IL,R,P,Ryne Nelson,669194,ARI,Strained right elbow.,D60,19,RP,Injured 60-Day
R,Arizona Diamondbacks,active,R,P,Taylor Clarke,664199,ARI,,A,45,RP,Active
R,Arizona Diamondbacks,active,R,P,Zac Gallen,668678,ARI,,A,23,RP,Active
S,Arizona Diamondbacks,active,R,SS,Geraldo Perdomo,672695,ARI,,A,2,SS,Active
L,Athletics,active,L,1B,Nick Kurtz,701762,ATH,,A,16,1B,Active
L,Athletics,active,R,2B,Jeff McNeil,643446,ATH,,A,22,2B,Active
R,Athletics,active,R,3B,Max Muncy,691777,ATH,,A,3,3B,Active
R,Athletics,active,R,3B,Zack Gelof,680869,ATH,,A,20,3B,Active
R,Athletics,active,R,C,Brian Serven,661531,ATH,,A,10,C,Active
S,Athletics,active,R,C,Jonah Heim,641680,ATH,,A,15,C,Active
R,Athletics,active,R,C,Shea Langeliers,669127,ATH,,A,23,C,Active
R,Athletics,IL,R,DH,Brent Rooker,667670,ATH,Bone bruise in left knee.,D10,25,DH,Injured 10-Day
L,Athletics,active,R,RF,Carlos Cortes,666126,ATH,,A,26,OF,Active
R,Athletics,active,R,RF,Colby Thomas,687515,ATH,,A,32,OF,Active
R,Athletics,IL,R,CF,Denzel Clarke,672016,ATH,Mid foot bone bruise in right foot.,D60,1,OF,Injured 60-Day
R,Athletics,active,R,CF,Henry Bolte,703607,ATH,,A,33,OF,Active
L,Athletics,active,R,RF,Lawrence Butler,671732,ATH,,A,4,OF,Active
L,Athletics,IL,R,LF,Tyler Soderstrom,691016,ATH,Left hip impingement,D10,21,OF,Injured 10-Day
R,Athletics,active,R,P,Aaron Civale,650644,ATH,,A,45,RP,Active
R,Athletics,IL,R,P,Brooks Kriske,621139,ATH,Right shoulder impingement,D60,48,RP,Injured 60-Day
R,Athletics,active,R,P,Elvis Alvarado,665660,ATH,,A,37,RP,Active
L,Athletics,active,L,P,Gage Jump,695611,ATH,,A,61,RP,Active
L,Athletics,IL,R,P,Gunnar Hoglund,680684,ATH,Sprained right knee.,D60,53,RP,Injured 60-Day
R,Athletics,active,L,P,Hogan Harris,663687,ATH,,A,36,RP,Active
R,Athletics,active,R,P,J.T. Ginn,669372,ATH,,A,35,RP,Active
R,Athletics,active,R,P,Jack Perkins,678022,ATH,,A,50,RP,Active
L,Athletics,active,L,P,Jeffrey Springs,605488,ATH,,A,59,RP,Active
L,Athletics,active,L,P,José Suarez,660761,ATH,,A,54,RP,Active
R,Athletics,active,R,P,Justin Sterner,686993,ATH,,A,60,RP,Active
R,Athletics,active,R,P,Luis Medina,665622,ATH,,A,46,RP,Active
R,Athletics,IL,R,P,Luis Severino,622663,ATH,Right shoulder strain.,D60,40,RP,Injured 60-Day
R,Athletics,active,R,P,Mark Leiter Jr.,643410,ATH,,A,38,RP,Active
R,Athletics,active,R,P,Mason Barnett,686930,ATH,,A,63,RP,Active
R,Athletics,active,R,SS,Alika Williams,675961,ATH,,A,12,SS,Active
R,Athletics,IL,R,SS,Jacob Wilson,805779,ATH,Right thumb inflammation,D10,5,SS,Injured 10-Day
R,Athletics,active,R,SS,Joshua Kuroda-Grauer,811965,ATH,,A,44,SS,Active
L,Atlanta Braves,active,R,1B,Matt Olson,621566,ATL,,A,28,1B,Active
S,Atlanta Braves,active,R,2B,Ozzie Albies,645277,ATL,,A,1,2B,Active
R,Atlanta Braves,active,R,3B,Austin Riley,663586,ATL,,A,27,3B,Active
L,Atlanta Braves,active,R,C,Drake Baldwin,686948,ATL,,A,30,C,Active
R,Atlanta Braves,active,R,C,Joey Bart,663698,ATL,,A,16,C,Active
R,Atlanta Braves,IL,R,C,Sean Murphy,669221,ATL,Fractured left middle finger.,D60,12,C,Injured 60-Day
L,Atlanta Braves,active,L,DH,Dominic Smith,642086,ATL,,A,8,DH,Active
R,Atlanta Braves,active,R,DH,Kyle Farmer,571657,ATL,,A,15,DH,Active
R,Atlanta Braves,active,R,RF,José Azócar,640492,ATL,,A,38,OF,Active
R,Atlanta Braves,active,R,LF,Mauricio Dubón,643289,ATL,,A,14,OF,Active
L,Atlanta Braves,active,L,CF,Michael Harris II,671739,ATL,,A,23,OF,Active
L,Atlanta Braves,active,L,LF,Mike Yastrzemski,573262,ATL,,A,18,OF,Active
R,Atlanta Braves,IL,R,RF,Ronald Acuña Jr.,660670,ATL,Strained left hamstring.,D10,13,OF,Injured 10-Day
R,Atlanta Braves,IL,R,P,AJ Smith-Shawver,700363,ATL,Right elbow reconstruction,D60,32,RP,Injured 60-Day
R,Atlanta Braves,active,R,P,Bryce Elder,693821,ATL,,A,55,RP,Active
L,Atlanta Braves,active,L,P,Chris Sale,519242,ATL,,A,51,RP,Active
L,Atlanta Braves,active,L,P,Danny Young,664849,ATL,,A,63,RP,Active
R,Atlanta Braves,active,R,P,Didier Fuentes,800311,ATL,,A,72,RP,Active
L,Atlanta Braves,active,L,P,Dylan Dodd,689266,ATL,,A,46,RP,Active
L,Atlanta Braves,active,L,P,Dylan Lee,669276,ATL,,A,52,RP,Active
L,Atlanta Braves,active,R,P,Grant Holmes,656550,ATL,,A,66,RP,Active
R,Atlanta Braves,active,R,P,Hurston Waldrep,694462,ATL,,A,64,RP,Active
R,Atlanta Braves,active,R,P,JR Ritchie,702275,ATL,,A,60,RP,Active
R,Atlanta Braves,IL,R,P,Joe Jiménez,641729,ATL,,D60,77,RP,Injured 60-Day
L,Atlanta Braves,IL,L,P,Joey Wentz,666214,ATL,Right knee ACL tear.,D60,33,RP,Injured 60-Day
L,Atlanta Braves,IL,L,P,Martín Pérez,527048,ATL,Left forearm contusion.,D15,33,RP,Injured 15-Day
R,Atlanta Braves,active,R,P,Owen Murphy,702566,ATL,,A,73,RP,Active
R,Atlanta Braves,active,R,P,Raisel Iglesias,628452,ATL,,A,26,RP,Active
R,Atlanta Braves,active,R,P,Reynaldo López,625643,ATL,,A,40,RP,Active
R,Atlanta Braves,IL,R,P,Robert Suarez,663158,ATL,Right forearm tightness.,D15,75,RP,Injured 15-Day
R,Atlanta Braves,IL,R,P,Spencer Schwellenbach,680885,ATL,,D60,56,RP,Injured 60-Day
R,Atlanta Braves,IL,R,P,Spencer Strider,675911,ATL,Right elbow inflammation.,D60,99,RP,Injured 60-Day
R,Atlanta Braves,active,R,P,Tyler Kinley,641755,ATL,,A,45,RP,Active
R,Atlanta Braves,IL,R,SS,Ha-Seong Kim,673490,ATL,Right middle finger inflammation.,D10,7,SS,Injured 10-Day
L,Atlanta Braves,active,R,SS,Jim Jarvis,805347,ATL,,A,74,SS,Active
R,Atlanta Braves,active,R,SS,Jorge Mateo,622761,ATL,,A,2,SS,Active
R,Baltimore Orioles,active,R,1B,Pete Alonso,624413,BAL,,A,25,1B,Active
R,Baltimore Orioles,IL,R,1B,Ryan Mountcastle,663624,BAL,Left foot fracture,D60,6,1B,Injured 60-Day
L,Baltimore Orioles,active,R,2B,Jackson Holliday,702616,BAL,,A,7,2B,Active
R,Baltimore Orioles,active,R,2B,Jeremiah Jackson,669236,BAL,,A,82,2B,Active
R,Baltimore Orioles,active,R,3B,Blaze Alexander,677942,BAL,,A,23,3B,Active
R,Baltimore Orioles,active,R,3B,Coby Mayo,691723,BAL,,A,16,3B,Active
R,Baltimore Orioles,IL,R,3B,Jordan Westburg,676059,BAL,Right elbow UCL sprain.,D60,11,3B,Injured 60-Day
S,Baltimore Orioles,active,R,C,Adley Rutschman,668939,BAL,,A,35,C,Active
L,Baltimore Orioles,active,R,C,Samuel Basallo,694212,BAL,,A,29,C,Active
L,Baltimore Orioles,active,R,CF,Colton Cowser,681297,BAL,,A,17,OF,Active
L,Baltimore Orioles,active,R,RF,Dylan Beavers,687637,BAL,,A,12,OF,Active
S,Baltimore Orioles,active,R,CF,Leody Taveras,665750,BAL,,A,30,OF,Active
R,Baltimore Orioles,active,R,LF,Taylor Ward,621493,BAL,,A,3,OF,Active
R,Baltimore Orioles,active,R,RF,Tyler O'Neill,641933,BAL,,A,9,OF,Active
R,Baltimore Orioles,active,R,P,Albert Suárez,544150,BAL,,A,49,RP,Active
R,Baltimore Orioles,active,R,P,Andrew Kittredge,552640,BAL,,A,39,RP,Active
S,Baltimore Orioles,active,R,P,Anthony Nunez,689296,BAL,,A,66,RP,Active
R,Baltimore Orioles,active,R,P,Brandon Young,687064,BAL,,A,63,RP,Active
R,Baltimore Orioles,IL,R,P,Chris Bassitt,605135,BAL,Low back discomfort.,D15,40,RP,Injured 15-Day
R,Baltimore Orioles,IL,R,P,Colin Selby,681882,BAL,Right shoulder inflammation.,D60,60,RP,Injured 60-Day
R,Baltimore Orioles,active,R,P,Dean Kremer,665152,BAL,,A,64,RP,Active
R,Baltimore Orioles,IL,R,P,Félix Bautista,642585,BAL,Right Shoulder Surgery.,D60,74,RP,Injured 60-Day
L,Baltimore Orioles,active,L,P,Grant Wolfram,664991,BAL,,A,48,RP,Active
L,Baltimore Orioles,IL,L,P,Keegan Akin,669211,BAL,Left elbow discomfort,D15,45,RP,Injured 15-Day
R,Baltimore Orioles,active,R,P,Kyle Bradish,680694,BAL,,A,38,RP,Active
R,Baltimore Orioles,active,R,P,Rico Garcia,670329,BAL,,A,50,RP,Active
R,Baltimore Orioles,IL,R,P,Ryan Helsley,664854,BAL,Right elbow discomfort.,D15,21,RP,Injured 15-Day
R,Baltimore Orioles,active,R,P,Shane Baz,669358,BAL,,A,34,RP,Active
L,Baltimore Orioles,active,L,P,Trevor Rogers,669432,BAL,,A,28,RP,Active
R,Baltimore Orioles,active,R,P,Tyler Wells,669330,BAL,,A,68,RP,Active
R,Baltimore Orioles,IL,R,P,Yaramil Hiraldo,682274,BAL,Right shoulder inflammation.,D60,76,RP,Injured 60-Day
R,Baltimore Orioles,active,R,P,Yennier Cano,666974,BAL,,A,78,RP,Active
R,Baltimore Orioles,IL,R,P,Zach Eflin,621107,BAL,Right elbow discomfort.,D60,24,RP,Injured 60-Day
L,Baltimore Orioles,active,R,SS,Gunnar Henderson,683002,BAL,,A,2,SS,Active
R,Boston Red Sox,active,R,1B,Romy Gonzalez,663853,BOS,,A,23,1B,Active
L,Boston Red Sox,IL,R,1B,Triston Casas,671213,BOS,Recovery from left patellar tendon repair,D60,36,1B,Injured 60-Day
R,Boston Red Sox,active,R,1B,Willson Contreras,575929,BOS,,A,40,1B,Active
S,Boston Red Sox,active,R,2B,Anthony Seigler,678011,BOS,,A,48,2B,Active
R,Boston Red Sox,IL,R,2B,Isiah Kiner-Falefa,643396,BOS,Left forearm inflammation,D10,2,2B,Injured 10-Day
L,Boston Red Sox,IL,R,2B,Marcelo Mayer,691785,BOS,Bone stress reaction to the left ulna.,D10,11,2B,Injured 10-Day
R,Boston Red Sox,active,R,3B,Caleb Durbin,702332,BOS,,A,5,3B,Active
S,Boston Red Sox,IL,R,3B,Nick Sogard,686765,BOS,Right oblique strain.,D10,20,3B,Injured 10-Day
R,Boston Red Sox,active,R,C,Carlos Narváez,665966,BOS,,A,75,C,Active
R,Boston Red Sox,active,R,C,Connor Wong,657136,BOS,,A,12,C,Active
L,Boston Red Sox,active,R,DH,Masataka Yoshida,807799,BOS,,A,7,DH,Active
R,Boston Red Sox,active,R,CF,Ceddanne Rafaela,678882,BOS,,A,3,OF,Active
L,Boston Red Sox,active,R,LF,Jarren Duran,680776,BOS,,A,16,OF,Active
R,Boston Red Sox,active,R,OF,Nate Eaton,681987,BOS,,A,18,OF,Active
L,Boston Red Sox,IL,R,LF,Roman Anthony,701350,BOS,,D60,19,OF,Injured 60-Day
L,Boston Red Sox,active,L,RF,Wilyer Abreu,677800,BOS,,A,52,OF,Active
L,Boston Red Sox,active,L,P,Aroldis Chapman,547973,BOS,,A,44,RP,Active
L,Boston Red Sox,IL,L,P,Connelly Early,813349,BOS,Left elbow inflammation.,D15,71,RP,Injured 15-Day
L,Boston Red Sox,active,L,P,Danny Coulombe,543056,BOS,,A,67,RP,Active
L,Boston Red Sox,IL,L,P,Garrett Crochet,676979,BOS,Left shoulder inflammation.,D60,35,RP,Injured 60-Day
R,Boston Red Sox,active,R,P,Garrett Whitlock,676477,BOS,,A,22,RP,Active
R,Boston Red Sox,active,R,P,Greg Weissert,669711,BOS,,A,57,RP,Active
L,Boston Red Sox,active,L,P,Jake Bennett,687562,BOS,,A,64,RP,Active
R,Boston Red Sox,IL,R,P,Johan Oviedo,670912,BOS,Right elbow strain..,D60,29,RP,Injured 60-Day
L,Boston Red Sox,active,L,P,Jovani Morán,663558,BOS,,A,47,RP,Active
R,Boston Red Sox,active,R,P,Justin Slaten,686580,BOS,,A,63,RP,Active
R,Boston Red Sox,IL,R,P,Kutter Crawford,676710,BOS,Right wrist surgery,D60,50,RP,Injured 60-Day
L,Boston Red Sox,active,L,P,Patrick Sandoval,663776,BOS,,A,43,RP,Active
L,Boston Red Sox,active,L,P,Payton Tolle,801139,BOS,,A,70,RP,Active
L,Boston Red Sox,active,L,P,Ranger Suarez,624133,BOS,,A,55,RP,Active
R,Boston Red Sox,active,R,P,Ryan Watson,670245,BOS,,A,56,RP,Active
R,Boston Red Sox,active,R,P,Sonny Gray,543243,BOS,,A,54,RP,Active
R,Boston Red Sox,IL,R,P,Tanner Houck,656557,BOS,,D60,89,RP,Injured 60-Day
R,Boston Red Sox,active,R,P,Tyron Guerrero,594027,BOS,,A,41,RP,Active
R,Boston Red Sox,active,R,SS,Andruw Monasterio,655316,BOS,,A,32,SS,Active
R,Boston Red Sox,IL,R,SS,Trevor Story,596115,BOS,Sports hernia.,D60,10,SS,Injured 60-Day
L,Boston Red Sox,active,R,SS,Tsung-Che Cheng,691907,BOS,,A,39,SS,Active
L,Chicago Cubs,active,R,1B,Michael Busch,683737,CHC,,A,29,1B,Active
R,Chicago Cubs,IL,R,1B,Tyler Austin,592122,CHC,Right knee surgery.,D60,17,1B,Injured 60-Day
R,Chicago Cubs,active,R,2B,Nico Hoerner,663538,CHC,,A,2,2B,Active
S,Chicago Cubs,active,R,2B,Pedro Ramírez,699393,CHC,,A,75,2B,Active
R,Chicago Cubs,active,R,3B,Alex Bregman,608324,CHC,,A,3,3B,Active
R,Chicago Cubs,active,R,C,Carson Kelly,608348,CHC,,A,15,C,Active
R,Chicago Cubs,active,R,C,Miguel Amaya,665804,CHC,,A,9,C,Active
R,Chicago Cubs,active,R,DH,Kevin Alcántara,682634,CHC,,A,13,DH,Active
L,Chicago Cubs,active,R,DH,Michael Conforto,624424,CHC,,A,20,DH,Active
S,Chicago Cubs,active,R,LF,Ian Happ,664023,CHC,,A,8,OF,Active
R,Chicago Cubs,active,R,CF,Justin Dean,681909,CHC,,A,1,OF,Active
R,Chicago Cubs,IL,R,RF,Matt Shaw,807713,CHC,left-hand sprain,D10,6,OF,Injured 10-Day
L,Chicago Cubs,active,L,CF,Pete Crow-Armstrong,691718,CHC,,A,4,OF,Active
R,Chicago Cubs,active,R,RF,Seiya Suzuki,673548,CHC,,A,27,OF,Active
R,Chicago Cubs,IL,R,P,Ben Brown,676962,CHC,Neck strain.,D15,32,RP,Injured 15-Day
R,Chicago Cubs,IL,R,P,Cade Horton,690990,CHC,Right forearm strain.,D60,22,RP,Injured 60-Day
R,Chicago Cubs,active,L,P,Caleb Thielbar,573204,CHC,,A,24,RP,Active
R,Chicago Cubs,active,R,P,Colin Rea,607067,CHC,,A,53,RP,Active
R,Chicago Cubs,IL,R,P,Daniel Palencia,694037,CHC,Right elbow inflammation.,D15,48,RP,Injured 15-Day
L,Chicago Cubs,active,L,P,David Peterson,656849,CHC,,A,19,RP,Active
R,Chicago Cubs,active,L,P,Drew Pomeranz,519141,CHC,,A,47,RP,Active
R,Chicago Cubs,IL,R,P,Edward Cabrera,665795,CHC,Left hamstring strain.,D15,30,RP,Injured 15-Day
R,Chicago Cubs,IL,R,P,Ethan Roberts,681799,CHC,right forearm inflammation,D15,39,RP,Injured 15-Day
R,Chicago Cubs,active,R,P,Gavin Hollowell,668970,CHC,,A,46,RP,Active
L,Chicago Cubs,IL,L,P,Hoby Milner,571948,CHC,Appendicitis,D15,41,RP,Injured 15-Day
R,Chicago Cubs,IL,R,P,Hunter Harvey,640451,CHC,Right triceps inflammation.,D60,45,RP,Injured 60-Day
R,Chicago Cubs,active,R,P,Jacob Webb,657097,CHC,,A,71,RP,Active
R,Chicago Cubs,active,R,P,Jake Woodford,663765,CHC,,A,40,RP,Active
R,Chicago Cubs,IL,R,P,Jameson Taillon,592791,CHC,Strained left hamstring.,D15,50,RP,Injured 15-Day
R,Chicago Cubs,active,R,P,Javier Assad,665871,CHC,,A,72,RP,Active
L,Chicago Cubs,IL,L,P,Justin Steele,657006,CHC,Left elbow injury,D60,35,RP,Injured 60-Day
L,Chicago Cubs,active,L,P,Matthew Boyd,571510,CHC,,A,16,RP,Active
R,Chicago Cubs,IL,R,P,Phil Maton,664208,CHC,Right knee tendinitis,D15,88,RP,Injured 15-Day
R,Chicago Cubs,IL,R,P,Porter Hodge,687863,CHC,Right elbow strain,D60,37,RP,Injured 60-Day
L,Chicago Cubs,IL,L,P,Riley Martin,702303,CHC,Left elbow inflammation.,D60,51,RP,Injured 60-Day
R,Chicago Cubs,active,L,P,Ryan Rolison,669020,CHC,,A,33,RP,Active
R,Chicago Cubs,IL,R,P,Shelby Miller,571946,CHC,Right Elbow UCL Injury,D60,77,RP,Injured 60-Day
L,Chicago Cubs,active,L,P,Shota Imanaga,684007,CHC,,A,18,RP,Active
R,Chicago Cubs,active,R,P,Trent Thornton,663423,CHC,,A,49,RP,Active
R,Chicago Cubs,active,R,P,Tyler Ferguson,621053,CHC,,A,64,RP,Active
R,Chicago Cubs,active,R,SS,Dansby Swanson,621020,CHC,,A,7,SS,Active
L,Chicago White Sox,active,R,1B,Jacob Gonzalez,694378,CHW,,A,7,1B,Active
L,Chicago White Sox,IL,R,1B,Munetaka Murakami,808959,CHW,Right hamstring strain.,D10,5,1B,Injured 10-Day
R,Chicago White Sox,active,R,2B,Chase Meidroth,805367,CHW,,A,10,2B,Active
R,Chicago White Sox,active,R,3B,Miguel Vargas,678246,CHW,,A,20,3B,Active
S,Chicago White Sox,active,R,C,Drew Romo,691011,CHW,,A,36,C,Active
L,Chicago White Sox,active,R,C,Kyle Teel,691019,CHW,,A,8,C,Active
L,Chicago White Sox,active,L,DH,Andrew Benintendi,643217,CHW,,A,23,DH,Active
R,Chicago White Sox,active,R,DH,Randal Grichuk,545341,CHW,,A,34,DH,Active
R,Chicago White Sox,IL,R,LF,Austin Hays,669720,CHW,Left calf strain.,D60,21,OF,Injured 60-Day
S,Chicago White Sox,active,R,RF,Braden Montgomery,695731,CHW,,A,24,OF,Active
S,Chicago White Sox,IL,R,LF,Brooks Baldwin,681460,CHW,Right elbow sprain,D60,27,OF,Injured 60-Day
R,Chicago White Sox,IL,R,RF,Everson Pereira,677592,CHW,Concussion.,D7,28,OF,Injured 7-Day
R,Chicago White Sox,active,R,CF,Junior Perez,678577,CHW,,A,37,OF,Active
R,Chicago White Sox,active,R,CF,Luisangel Acuña,682668,CHW,,A,0,OF,Active
L,Chicago White Sox,active,R,LF,Sam Antonacci,803011,CHW,,A,17,OF,Active
R,Chicago White Sox,IL,R,LF,Tanner Murray,695020,CHW,Left shoulder dislocation.,D60,41,OF,Injured 60-Day
L,Chicago White Sox,active,R,CF,Tristan Peters,671976,CHW,,A,29,OF,Active
L,Chicago White Sox,active,L,P,Anthony Kay,641743,CHW,,A,18,RP,Active
L,Chicago White Sox,active,L,P,Brandon Eisert,685126,CHW,,A,53,RP,Active
L,Chicago White Sox,active,L,P,Bryan Hudson,663542,CHW,,A,60,RP,Active
L,Chicago White Sox,active,L,P,Chris Murphy,669684,CHW,,A,38,RP,Active
L,Chicago White Sox,active,R,P,Davis Martin,663436,CHW,,A,65,RP,Active
L,Chicago White Sox,IL,R,P,Drew Thorpe,689672,CHW,Recovery from Tommy John surgery.,D60,33,RP,Injured 60-Day
R,Chicago White Sox,active,R,P,Erick Fedde,607200,CHW,,A,47,RP,Active
R,Chicago White Sox,active,R,P,Grant Taylor,691799,CHW,,A,31,RP,Active
R,Chicago White Sox,active,R,P,Jordan Hicks,663855,CHW,,A,44,RP,Active
R,Chicago White Sox,IL,R,P,Jordan Leasure,673929,CHW,Right flexor strain.,D60,49,RP,Injured 60-Day
L,Chicago White Sox,IL,L,P,Ky Bush,681066,CHW,,D60,57,RP,Injured 60-Day
L,Chicago White Sox,IL,R,P,Mike Vasil,678024,CHW,Tommy John surgery recovery.,D60,61,RP,Injured 60-Day
L,Chicago White Sox,active,L,P,Noah Schultz,702273,CHW,,A,22,RP,Active
R,Chicago White Sox,IL,R,P,Prelander Berroa,672860,CHW,Tommy John surgery recovery,D60,52,RP,Injured 60-Day
R,Chicago White Sox,active,R,P,Sean Burke,680732,CHW,,A,59,RP,Active
L,Chicago White Sox,active,L,P,Sean Newcomb,656794,CHW,,A,15,RP,Active
R,Chicago White Sox,active,R,P,Seranthony Domínguez,622554,CHW,,A,58,RP,Active
R,Chicago White Sox,active,R,P,Trevor Richards,670950,CHW,,A,43,RP,Active
L,Chicago White Sox,IL,L,P,Tyler Gilbert,656457,CHW,Left shoulder impingement.,D15,40,RP,Injured 15-Day
L,Chicago White Sox,active,R,SS,Colson Montgomery,695657,CHW,,A,12,SS,Active
R,Cincinnati Reds,active,R,1B,Sal Stewart,701398,CIN,,A,27,1B,Active
S,Cincinnati Reds,active,R,2B,Edwin Arroyo,695490,CIN,,A,2,2B,Active
S,Cincinnati Reds,active,R,2B,Ivan Johnson,671155,CIN,,A,63,2B,Active
R,Cincinnati Reds,active,R,2B,Matt McLain,680574,CIN,,A,9,2B,Active
R,Cincinnati Reds,IL,R,3B,Ke'Bryan Hayes,663647,CIN,Lumbar bulging disc.,D10,3,3B,Injured 10-Day
R,Cincinnati Reds,active,R,C,Jose Trevino,624431,CIN,,A,35,C,Active
R,Cincinnati Reds,active,R,C,Tyler Stephenson,663886,CIN,,A,37,C,Active
R,Cincinnati Reds,active,R,DH,Eugenio Suárez,553993,CIN,,A,28,DH,Active
L,Cincinnati Reds,active,R,DH,Nathaniel Lowe,663993,CIN,,A,31,DH,Active
R,Cincinnati Reds,IL,R,CF,Blake Dunn,694362,CIN,Right elbow sprain.,D10,59,OF,Injured 10-Day
R,Cincinnati Reds,IL,R,CF,Dane Myers,667472,CIN,Left shoulder contusion,D10,17,OF,Injured 10-Day
L,Cincinnati Reds,active,L,LF,JJ Bleday,668709,CIN,,A,22,OF,Active
R,Cincinnati Reds,active,R,RF,Noelvi Marte,682622,CIN,,A,4,OF,Active
R,Cincinnati Reds,active,R,LF,Spencer Steer,668715,CIN,,A,7,OF,Active
L,Cincinnati Reds,active,L,CF,TJ Friedl,670770,CIN,,A,29,OF,Active
L,Cincinnati Reds,active,L,P,Andrew Abbott,671096,CIN,,A,41,RP,Active
R,Cincinnati Reds,active,R,P,Brady Singer,663903,CIN,,A,51,RP,Active
R,Cincinnati Reds,IL,L,P,Brandon Williamson,682227,CIN,Left shoulder fatigue.,D60,55,RP,Injured 60-Day
L,Cincinnati Reds,active,L,P,Brock Burke,656271,CIN,,A,49,RP,Active
R,Cincinnati Reds,active,L,P,Caleb Ferguson,657571,CIN,,A,46,RP,Active
R,Cincinnati Reds,active,R,P,Chase Burns,695505,CIN,,A,26,RP,Active
L,Cincinnati Reds,active,R,P,Emilio Pagán,641941,CIN,,A,15,RP,Active
L,Cincinnati Reds,IL,R,P,Graham Ashcraft,668933,CIN,Right forearm UCL sprain.,D60,23,RP,Injured 60-Day
R,Cincinnati Reds,active,R,P,Hunter Greene,668881,CIN,,A,21,RP,Active
L,Cincinnati Reds,active,R,P,Julian Garcia,670062,CIN,,A,57,RP,Active
L,Cincinnati Reds,active,L,P,Nick Lodolo,666157,CIN,,A,40,RP,Active
R,Cincinnati Reds,active,R,P,Pierce Johnson,572955,CIN,,A,52,RP,Active
R,Cincinnati Reds,active,R,P,Rhett Lowder,695076,CIN,,A,25,RP,Active
L,Cincinnati Reds,active,L,P,Sam Moll,594580,CIN,,A,50,RP,Active
R,Cincinnati Reds,active,R,P,Tejay Antone,622088,CIN,,A,70,RP,Active
R,Cincinnati Reds,IL,R,P,Tony Santillan,663574,CIN,Left oblique strain.,D15,64,RP,Injured 15-Day
S,Cincinnati Reds,active,R,SS,Elly De La Cruz,682829,CIN,,A,44,SS,Active
L,Cleveland Guardians,active,R,1B,Kyle Manzardo,700932,CLE,,A,9,1B,Active
R,Cleveland Guardians,active,R,1B,Rhys Hoskins,656555,CLE,,A,8,1B,Active
L,Cleveland Guardians,active,R,2B,Travis Bazzana,683953,CLE,,A,37,2B,Active
S,Cleveland Guardians,IL,R,3B,José Ramírez,608070,CLE,Left hamate fracture.,D10,11,3B,Injured 10-Day
R,Cleveland Guardians,active,R,C,Austin Hedges,595978,CLE,,A,27,C,Active
L,Cleveland Guardians,active,R,C,Cooper Ingle,694876,CLE,,A,30,C,Active
S,Cleveland Guardians,active,R,C,Patrick Bailey,672275,CLE,,A,16,C,Active
S,Cleveland Guardians,IL,R,LF,Angel Martínez,682657,CLE,Left foot non-displaced fracture.,D10,1,OF,Injured 10-Day
L,Cleveland Guardians,active,L,RF,Chase DeLauter,800050,CLE,,A,24,OF,Active
L,Cleveland Guardians,active,R,CF,Daniel Schneemann,682177,CLE,,A,10,OF,Active
R,Cleveland Guardians,active,R,RF,David Fry,681807,CLE,,A,6,OF,Active
L,Cleveland Guardians,active,R,RF,Kahlil Watson,696135,CLE,,A,31,OF,Active
L,Cleveland Guardians,active,L,CF,Steven Kwan,680757,CLE,,A,38,OF,Active
R,Cleveland Guardians,active,R,P,Cade Smith,671922,CLE,,A,36,RP,Active
R,Cleveland Guardians,active,R,P,Colin Holderman,670059,CLE,,A,35,RP,Active
R,Cleveland Guardians,active,L,P,Erik Sabrowski,681870,CLE,,A,62,RP,Active
R,Cleveland Guardians,active,R,P,Franco Aleman,680916,CLE,,A,55,RP,Active
L,Cleveland Guardians,active,R,P,Gavin Williams,668909,CLE,,A,32,RP,Active
R,Cleveland Guardians,active,R,P,Hunter Gaddis,683769,CLE,,A,33,RP,Active
L,Cleveland Guardians,active,L,P,Joey Cantillo,676282,CLE,,A,54,RP,Active
R,Cleveland Guardians,active,R,P,Matt Festa,670036,CLE,,A,52,RP,Active
L,Cleveland Guardians,active,L,P,Parker Messick,800048,CLE,,A,77,RP,Active
R,Cleveland Guardians,active,R,P,Shawn Armstrong,542888,CLE,,A,43,RP,Active
R,Cleveland Guardians,active,R,P,Slade Cecconi,677944,CLE,,A,44,RP,Active
R,Cleveland Guardians,active,R,P,Tanner Bibee,676440,CLE,,A,28,RP,Active
L,Cleveland Guardians,active,L,P,Tim Herrin,682120,CLE,,A,29,RP,Active
S,Cleveland Guardians,active,R,SS,Brayan Rocchio,677587,CLE,,A,4,SS,Active
R,Cleveland Guardians,active,R,SS,Gabriel Arias,672356,CLE,,A,13,SS,Active
L,Colorado Rockies,active,R,1B,TJ Rumfield,681198,COL,,A,7,1B,Active
L,Colorado Rockies,active,R,2B,Edouard Julien,666397,COL,,A,6,2B,Active
S,Colorado Rockies,active,R,2B,Willi Castro,650489,COL,,A,3,2B,Active
R,Colorado Rockies,active,R,3B,Kyle Karros,691720,COL,,A,12,3B,Active
L,Colorado Rockies,active,R,C,Brett Sullivan,664954,COL,,A,26,C,Active
R,Colorado Rockies,active,R,C,Hunter Goodman,696100,COL,,A,15,C,Active
R,Colorado Rockies,active,R,DH,Braxton Fulford,690924,COL,,A,37,DH,Active
R,Colorado Rockies,IL,R,DH,Kris Bryant,592178,COL,Lumbar degenerative disk disease.,D60,23,DH,Injured 60-Day
R,Colorado Rockies,IL,R,CF,Brenton Doyle,686668,COL,Left oblique contusion.,D10,9,OF,Injured 10-Day
S,Colorado Rockies,active,R,CF,Cole Carrigg,694249,COL,,A,16,OF,Active
L,Colorado Rockies,active,L,CF,Jake McCarthy,664983,COL,,A,31,OF,Active
L,Colorado Rockies,active,R,LF,Mickey Moniak,666160,COL,,A,22,OF,Active
L,Colorado Rockies,active,L,RF,Troy Johnston,687859,COL,,A,20,OF,Active
R,Colorado Rockies,active,R,RF,Tyler Freeman,671289,COL,,A,2,OF,Active
R,Colorado Rockies,active,R,P,Antonio Senzatela,622608,COL,,A,49,RP,Active
R,Colorado Rockies,IL,R,P,Blas Castaño,680604,COL,Right pectoral strain.,D15,63,RP,Injured 15-Day
L,Colorado Rockies,active,L,P,Brennan Bernardino,657514,COL,,A,83,RP,Active
R,Colorado Rockies,IL,R,P,Chase Dollander,801403,COL,Right elbow strain.,D60,32,RP,Injured 60-Day
R,Colorado Rockies,active,R,P,Gabriel Hughes,687312,COL,,A,43,RP,Active
R,Colorado Rockies,IL,R,P,Jaden Hill,677955,COL,Right shoulder tendonitis.,D15,0,RP,Injured 15-Day
R,Colorado Rockies,active,R,P,Jimmy Herget,623474,COL,,A,44,RP,Active
R,Colorado Rockies,active,R,P,Jordan Romano,605447,COL,,A,68,RP,Active
R,Colorado Rockies,IL,L,P,Jose Quintana,500779,COL,Left elbow sprain.,D60,62,RP,Injured 60-Day
R,Colorado Rockies,active,R,P,Juan Mejia,675848,COL,,A,47,RP,Active
L,Colorado Rockies,active,L,P,Kyle Freeland,607536,COL,,A,21,RP,Active
R,Colorado Rockies,IL,R,P,McCade Brown,685326,COL,Right shoulder inflammation.,D60,51,RP,Injured 60-Day
R,Colorado Rockies,active,R,P,Michael Lorenzen,547179,COL,,A,24,RP,Active
R,Colorado Rockies,IL,R,P,Pierson Ohl,701487,COL,,D60,40,RP,Injured 60-Day
R,Colorado Rockies,active,R,P,Ryan Feltner,663372,COL,,A,18,RP,Active
R,Colorado Rockies,IL,R,P,Seth Halvorsen,678020,COL,Right shoulder inflammation.,D15,54,RP,Injured 15-Day
R,Colorado Rockies,active,R,P,TJ Shook,669298,COL,,A,52,RP,Active
L,Colorado Rockies,active,R,P,Tanner Gordon,685299,COL,,A,29,RP,Active
R,Colorado Rockies,IL,R,P,Tomoyuki Sugano,608372,COL,Back spasms.,D15,11,RP,Injured 15-Day
R,Colorado Rockies,active,R,P,Victor Vodnik,680767,COL,,A,38,RP,Active
L,Colorado Rockies,IL,L,P,Welinton Herrera,700327,COL,Left elbow inflammation.,D60,59,RP,Injured 60-Day
R,Colorado Rockies,active,R,P,Zach Agnos,688642,COL,,A,36,RP,Active
R,Colorado Rockies,active,R,SS,Ezequiel Tovar,678662,COL,,A,14,SS,Active
R,Detroit Tigers,active,R,1B,Spencer Torkelson,679529,DET,,A,20,1B,Active
R,Detroit Tigers,IL,R,2B,Gleyber Torres,650402,DET,Left oblique strain.,D10,25,2B,Injured 10-Day
R,Detroit Tigers,active,R,2B,Hao-Yu Lee,701678,DET,,A,50,2B,Active
L,Detroit Tigers,active,R,2B,Zach McKinstry,656716,DET,,A,39,2B,Active
L,Detroit Tigers,active,R,3B,Colt Keith,690993,DET,,A,33,3B,Active
R,Detroit Tigers,active,R,C,Dillon Dingler,693307,DET,,A,13,C,Active
R,Detroit Tigers,active,R,C,Jake Rogers,668670,DET,,A,34,C,Active
R,Detroit Tigers,active,R,DH,Jahmai Jones,663330,DET,,A,18,DH,Active
R,Detroit Tigers,active,R,CF,Ben Malgeri,701162,DET,,A,53,OF,Active
L,Detroit Tigers,active,R,CF,James Outman,681546,DET,,A,43,OF,Active
L,Detroit Tigers,active,R,RF,Kerry Carpenter,681481,DET,,A,30,OF,Active
R,Detroit Tigers,active,R,CF,Matt Vierling,663837,DET,,A,8,OF,Active
L,Detroit Tigers,IL,R,CF,Parker Meadows,678009,DET,Left radius fracture.,D60,22,OF,Injured 60-Day
L,Detroit Tigers,active,L,LF,Riley Greene,682985,DET,,A,31,OF,Active
S,Detroit Tigers,IL,R,RF,Wenceel Pérez,672761,DET,Left orbital fracture.,D60,46,OF,Injured 60-Day
L,Detroit Tigers,IL,L,P,Bailey Horn,690544,DET,Left elbow arthroscopy recovery,D60,57,RP,Injured 60-Day
R,Detroit Tigers,active,R,P,Beau Brieske,689225,DET,,A,4,RP,Active
L,Detroit Tigers,IL,L,P,Brant Hurter,676428,DET,Lumbar spine inflammation.,D60,48,RP,Injured 60-Day
R,Detroit Tigers,IL,R,P,Burch Smith,572143,DET,Right shoulder inflammation.,D60,65,RP,Injured 60-Day
R,Detroit Tigers,active,R,P,Casey Mize,663554,DET,,A,12,RP,Active
R,Detroit Tigers,active,R,P,Drew Anderson,623454,DET,,A,38,RP,Active
L,Detroit Tigers,active,L,P,Drew Sommers,805427,DET,,A,51,RP,Active
R,Detroit Tigers,active,L,P,Framber Valdez,664285,DET,,A,59,RP,Active
R,Detroit Tigers,active,R,P,Jack Flaherty,656427,DET,,A,9,RP,Active
R,Detroit Tigers,IL,R,P,Jackson Jobe,695549,DET,Recovering from Tommy John surgery,D60,21,RP,Injured 60-Day
R,Detroit Tigers,active,R,P,Jacob Waguespack,621097,DET,,A,58,RP,Active
R,Detroit Tigers,IL,R,P,Justin Verlander,434378,DET,Left hip inflammation.,D60,35,RP,Injured 60-Day
R,Detroit Tigers,active,R,P,Keider Montero,672456,DET,,A,54,RP,Active
S,Detroit Tigers,active,R,P,Kenley Jansen,445276,DET,,A,74,RP,Active
R,Detroit Tigers,active,R,P,Kyle Finnegan,640448,DET,,A,67,RP,Active
R,Detroit Tigers,IL,R,P,Reese Olson,681857,DET,Right Shoulder Labral Repair,D60,45,RP,Injured 60-Day
R,Detroit Tigers,active,L,P,Tarik Skubal,669373,DET,,A,29,RP,Active
R,Detroit Tigers,active,R,P,Troy Melton,675512,DET,,A,52,RP,Active
L,Detroit Tigers,active,L,P,Tyler Holton,663947,DET,,A,87,RP,Active
R,Detroit Tigers,IL,R,P,Will Vest,676684,DET,Right posterior elbow inflammation.,D15,19,RP,Injured 15-Day
R,Detroit Tigers,IL,R,SS,Javier Báez,595879,DET,Right ankle sprain.,D60,28,SS,Injured 60-Day
L,Detroit Tigers,active,R,SS,Kevin McGonigle,805808,DET,,A,7,SS,Active
L,Detroit Tigers,IL,R,SS,Trey Sweeney,700242,DET,Right shoulder strain,D60,27,SS,Injured 60-Day
R,Houston Astros,active,R,1B,Christian Walker,572233,HOU,,A,8,1B,Active
L,Houston Astros,active,L,1B,LaMonte Wade Jr.,664774,HOU,,A,31,1B,Active
R,Houston Astros,active,R,2B,Jose Altuve,514888,HOU,,A,27,2B,Active
R,Houston Astros,active,R,3B,Isaac Paredes,670623,HOU,,A,15,3B,Active
R,Houston Astros,active,R,C,Christian Vázquez,543877,HOU,,A,2,C,Active
R,Houston Astros,active,R,C,Yainer Diaz,673237,HOU,,A,21,C,Active
L,Houston Astros,active,R,DH,Yordan Alvarez,670541,HOU,,A,44,DH,Active
R,Houston Astros,active,R,CF,Brice Matthews,694728,HOU,,A,0,OF,Active
R,Houston Astros,active,R,RF,Cam Smith,701358,HOU,,A,11,OF,Active
L,Houston Astros,active,L,CF,Taylor Trammell,666211,HOU,,A,26,OF,Active
R,Houston Astros,active,R,LF,Zach Dezenzo,701305,HOU,,A,9,OF,Active
R,Houston Astros,active,R,P,AJ Blubaugh,805123,HOU,,A,69,RP,Active
L,Houston Astros,IL,L,P,Bennett Sousa,656986,HOU,Left elbow inflammation.,D60,62,RP,Injured 60-Day
L,Houston Astros,IL,L,P,Brandon Walter,687888,HOU,Left elbow surgery recovery,D60,60,RP,Injured 60-Day
R,Houston Astros,active,R,P,Bryan Abreu,650556,HOU,,A,52,RP,Active
R,Houston Astros,active,L,P,Bryan King,687911,HOU,,A,74,RP,Active
R,Houston Astros,active,R,P,Cristian Javier,664299,HOU,,A,53,RP,Active
R,Houston Astros,active,R,P,Enyel De Los Santos,660853,HOU,,A,65,RP,Active
R,Houston Astros,IL,R,P,Hayden Wesneski,669713,HOU,Recovery from right elbow surgery,D60,39,RP,Injured 60-Day
R,Houston Astros,active,R,P,Hunter Brown,686613,HOU,,A,58,RP,Active
L,Houston Astros,active,L,P,Josh Hader,623352,HOU,,A,71,RP,Active
R,Houston Astros,IL,R,P,Kai-Wei Teng,678906,HOU,Right knee sprain.,D15,17,RP,Injured 15-Day
L,Houston Astros,IL,R,P,Lance McCullers Jr.,621121,HOU,Right shoulder inflammation.,D15,43,RP,Injured 15-Day
R,Houston Astros,active,R,P,Mike Burrows,681347,HOU,,A,50,RP,Active
R,Houston Astros,active,R,P,Nate Pearson,663878,HOU,,A,55,RP,Active
R,Houston Astros,active,R,P,Peter Lambert,663567,HOU,,A,38,RP,Active
R,Houston Astros,IL,R,P,Ronel Blanco,669854,HOU,Right elbow surgery recovery,D60,56,RP,Injured 60-Day
R,Houston Astros,active,R,P,Spencer Arrighetti,681293,HOU,,A,41,RP,Active
L,Houston Astros,active,L,P,Steven Okert,595345,HOU,,A,48,RP,Active
R,Houston Astros,active,R,P,Tatsuya Imai,837227,HOU,,A,45,RP,Active
L,Houston Astros,active,R,SS,Braden Shewmake,669699,HOU,,A,28,SS,Active
R,Houston Astros,IL,R,SS,Carlos Correa,621043,HOU,Left ankle tendon injury.,D60,1,SS,Injured 60-Day
R,Houston Astros,IL,R,SS,Jeremy Peña,665161,HOU,Left calf strain.,D10,3,SS,Injured 10-Day
R,Houston Astros,active,R,SS,Nick Allen,669397,HOU,,A,20,SS,Active
L,Kansas City Royals,IL,L,1B,Vinnie Pasquantino,686469,KCR,Right hamate fracture.,D10,9,1B,Injured 10-Day
R,Kansas City Royals,IL,R,2B,Jonathan India,663697,KCR,Left shoulder subluxation.,D60,6,2B,Injured 60-Day
L,Kansas City Royals,active,R,2B,Michael Massey,686681,KCR,,A,19,2B,Active
R,Kansas City Royals,active,R,2B,Tyler Tolbert,686475,KCR,,A,2,2B,Active
L,Kansas City Royals,active,R,3B,Josh Rojas,668942,KCR,,A,40,3B,Active
R,Kansas City Royals,IL,R,3B,Maikel Garcia,672580,KCR,Left hand muscle strain.,D10,11,3B,Injured 10-Day
R,Kansas City Royals,active,R,3B,Nick Loftin,679845,KCR,,A,12,3B,Active
L,Kansas City Royals,active,R,C,Carter Jensen,695600,KCR,,A,22,C,Active
R,Kansas City Royals,active,R,C,Luke Maile,571912,KCR,,A,18,C,Active
R,Kansas City Royals,active,R,C,Salvador Perez,521692,KCR,,A,13,C,Active
S,Kansas City Royals,active,R,LF,Isaac Collins,686555,KCR,,A,1,OF,Active
L,Kansas City Royals,active,L,RF,Jac Caglianone,695506,KCR,,A,14,OF,Active
L,Kansas City Royals,active,L,CF,Kameron Misner,670224,KCR,,A,26,OF,Active
L,Kansas City Royals,IL,R,CF,Kyle Isbel,664728,KCR,Left plantar fasciitis.,D10,28,OF,Injured 10-Day
R,Kansas City Royals,active,R,CF,Lane Thomas,657041,KCR,,A,15,OF,Active
R,Kansas City Royals,active,R,RF,Starling Marte,516782,KCR,,A,0,OF,Active
R,Kansas City Royals,IL,R,P,Alec Marsh,679525,KCR,Right shoulder impingement.,D60,48,RP,Injured 60-Day
R,Kansas City Royals,active,R,P,Alex Lange,656638,KCR,,A,56,RP,Active
R,Kansas City Royals,active,R,P,Beck Way,694360,KCR,,A,44,RP,Active
R,Kansas City Royals,IL,R,P,Carlos Estévez,608032,KCR,Left foot contusion.,D60,53,RP,Injured 60-Day
L,Kansas City Royals,IL,L,P,Cole Ragans,666142,KCR,Left elbow impingement.,D60,55,RP,Injured 60-Day
R,Kansas City Royals,IL,R,P,Connor Seabold,657756,KCR,Right lat strain.,D15,43,RP,Injured 15-Day
L,Kansas City Royals,active,L,P,Daniel Lynch IV,663738,KCR,,A,41,RP,Active
R,Kansas City Royals,IL,R,P,James McArthur,663704,KCR,Right elbow inflammation.,D60,66,RP,Injured 60-Day
R,Kansas City Royals,active,R,P,John Schreiber,670167,KCR,,A,46,RP,Active
R,Kansas City Royals,active,R,P,Jose Cuas,621016,KCR,,A,74,RP,Active
L,Kansas City Royals,IL,L,P,Kris Bubic,663460,KCR,Left elbow soreness.,D60,50,RP,Injured 60-Day
L,Kansas City Royals,active,R,P,Lucas Erceg,668674,KCR,,A,60,RP,Active
R,Kansas City Royals,active,R,P,Luinder Avila,679883,KCR,,A,58,RP,Active
R,Kansas City Royals,active,L,P,Matt Strahm,621381,KCR,,A,25,RP,Active
R,Kansas City Royals,active,R,P,Michael Wacha,608379,KCR,,A,52,RP,Active
R,Kansas City Royals,IL,R,P,Nick Mears,683232,KCR,Right shoulder impingement.,D15,31,RP,Injured 15-Day
L,Kansas City Royals,active,L,P,Noah Cameron,702070,KCR,,A,65,RP,Active
R,Kansas City Royals,active,R,P,Randy Dobnak,677976,KCR,,A,62,RP,Active
R,Kansas City Royals,active,R,P,Seth Lugo,607625,KCR,,A,67,RP,Active
R,Kansas City Royals,active,R,P,Steven Cruz,674444,KCR,,A,64,RP,Active
R,Kansas City Royals,active,R,SS,Bobby Witt Jr.,677951,KCR,,A,7,SS,Active
L,Los Angeles Angels,active,R,1B,Nolan Schanuel,694384,LAA,,A,18,1B,Active
L,Los Angeles Angels,IL,R,2B,Adam Frazier,624428,LAA,Right elbow inflammation.,D10,20,2B,Injured 10-Day
R,Los Angeles Angels,active,R,2B,Oswald Peraza,672724,LAA,,A,2,2B,Active
R,Los Angeles Angels,active,R,2B,Vaughn Grissom,687093,LAA,,A,5,2B,Active
R,Los Angeles Angels,IL,R,3B,Anthony Rendon,543685,LAA,Left hip labrum surgery.,D60,6,3B,Injured 60-Day
R,Los Angeles Angels,active,R,3B,Denzer Guzman,694203,LAA,,A,23,3B,Active
L,Los Angeles Angels,active,R,3B,Donovan Walton,622268,LAA,,A,35,3B,Active
S,Los Angeles Angels,IL,R,3B,Yoán Moncada,660162,LAA,Right knee inflammation.,D60,10,3B,Injured 60-Day
S,Los Angeles Angels,IL,R,C,Gustavo Campero,672569,LAA,Right hand fracture.,D10,,C,Injured 10-Day
R,Los Angeles Angels,active,R,C,Logan O'Hoppe,681351,LAA,,A,14,C,Active
R,Los Angeles Angels,IL,R,C,Sebastián Rivero,665861,LAA,Left hamate fracture.,D10,38,C,Injured 10-Day
R,Los Angeles Angels,IL,R,C,Travis d'Arnaud,518595,LAA,Right foot plantar fasciitis.,D60,25,C,Injured 60-Day
S,Los Angeles Angels,active,R,C,Tyler Heineman,623168,LAA,,A,31,C,Active
R,Los Angeles Angels,active,R,DH,Jorge Soler,624585,LAA,,A,12,DH,Active
R,Los Angeles Angels,active,R,RF,Jo Adell,666176,LAA,,A,7,OF,Active
R,Los Angeles Angels,active,R,CF,Jose Siri,642350,LAA,,A,28,OF,Active
L,Los Angeles Angels,active,R,LF,Josh Lowe,666139,LAA,,A,3,OF,Active
R,Los Angeles Angels,IL,R,CF,Mike Trout,545361,LAA,Right hamstring strain.,D10,27,OF,Injured 10-Day
L,Los Angeles Angels,active,R,LF,Wade Meckler,685133,LAA,,A,53,OF,Active
R,Los Angeles Angels,IL,R,P,Ben Joyce,690829,LAA,Right shoulder inflammation.,D60,44,RP,Injured 60-Day
L,Los Angeles Angels,active,L,P,Brent Suter,608718,LAA,,A,37,RP,Active
R,Los Angeles Angels,active,R,P,Chase Silseth,681217,LAA,,A,63,RP,Active
L,Los Angeles Angels,IL,R,P,Grayson Rodriguez,680570,LAA,Low back inflammation.,D15,21,RP,Injured 15-Day
L,Los Angeles Angels,IL,R,P,Jack Kochanowicz,686799,LAA,Right elbow inflammation.,D60,41,RP,Injured 60-Day
R,Los Angeles Angels,active,R,P,José Fermin,820862,LAA,,A,65,RP,Active
R,Los Angeles Angels,active,R,P,José Soriano,667755,LAA,,A,59,RP,Active
L,Los Angeles Angels,active,R,P,Kirby Yates,489446,LAA,,A,39,RP,Active
L,Los Angeles Angels,active,L,P,Mitch Farris,815083,LAA,,A,70,RP,Active
L,Los Angeles Angels,active,L,P,Reid Detmers,672282,LAA,,A,48,RP,Active
R,Los Angeles Angels,IL,R,P,Robert Stephenson,596112,LAA,Right elbow inflammation.,D60,24,RP,Injured 60-Day
S,Los Angeles Angels,active,R,P,Ryan Johnson,696270,LAA,,A,32,RP,Active
R,Los Angeles Angels,active,R,P,Ryan Zeferjahn,666171,LAA,,A,56,RP,Active
R,Los Angeles Angels,active,R,P,Sam Bachman,696147,LAA,,A,40,RP,Active
L,Los Angeles Angels,active,L,P,Samy Natera Jr.,696519,LAA,,A,52,RP,Active
L,Los Angeles Angels,active,L,P,Tayler Saucedo,642048,LAA,,A,55,RP,Active
R,Los Angeles Angels,active,R,P,Walbert Ureña,700712,LAA,,A,57,RP,Active
L,Los Angeles Angels,IL,L,P,Yusei Kikuchi,579328,LAA,Left shoulder inflammation.,D60,16,RP,Injured 60-Day
R,Los Angeles Angels,active,R,SS,Zach Neto,687263,LAA,,A,9,SS,Active
R,Los Angeles Dodgers,IL,R,1B,Enrique Hernández,571771,LAD,Left oblique strain.,D10,8,1B,Injured 10-Day
L,Los Angeles Dodgers,active,R,1B,Freddie Freeman,518692,LAD,,A,5,1B,Active
S,Los Angeles Dodgers,active,R,2B,Alex Freeland,690976,LAD,,A,76,2B,Active
L,Los Angeles Dodgers,active,R,3B,Max Muncy,571970,LAD,,A,13,3B,Active
L,Los Angeles Dodgers,active,R,C,Dalton Rushing,687221,LAD,,A,68,C,Active
S,Los Angeles Dodgers,active,R,C,Eliezer Alfonzo,672613,LAD,,A,64,C,Active
R,Los Angeles Dodgers,IL,R,C,Will Smith,669257,LAD,Neck inflammation.,D10,16,C,Injured 10-Day
R,Los Angeles Dodgers,active,R,LF,Alex Call,669743,LAD,,A,12,OF,Active
R,Los Angeles Dodgers,active,R,CF,Andy Pages,681624,LAD,,A,44,OF,Active
L,Los Angeles Dodgers,active,R,RF,Kyle Tucker,663656,LAD,,A,23,OF,Active
R,Los Angeles Dodgers,active,R,LF,Teoscar Hernández,606192,LAD,,A,37,OF,Active
S,Los Angeles Dodgers,active,R,LF,Tommy Edman,669242,LAD,,A,25,OF,Active
L,Los Angeles Dodgers,active,L,P,Alex Vesia,681911,LAD,,A,51,RP,Active
R,Los Angeles Dodgers,IL,R,P,Ben Casparius,676508,LAD,Right shoulder inflammation,D60,78,RP,Injured 60-Day
L,Los Angeles Dodgers,IL,L,P,Blake Snell,605483,LAD,Left elbow loose bodies,D60,7,RP,Injured 60-Day
R,Los Angeles Dodgers,IL,R,P,Blake Treinen,595014,LAD,Right elbow inflammation.,D15,49,RP,Injured 15-Day
L,Los Angeles Dodgers,IL,R,P,Bobby Miller,676272,LAD,Right shoulder soreness.,D60,28,RP,Injured 60-Day
L,Los Angeles Dodgers,active,R,P,Brock Stewart,592779,LAD,,A,41,RP,Active
R,Los Angeles Dodgers,IL,R,P,Brusdar Graterol,660813,LAD,,D60,48,RP,Injured 60-Day
R,Los Angeles Dodgers,active,R,P,Edgardo Henriquez,683618,LAD,,A,60,RP,Active
R,Los Angeles Dodgers,IL,R,P,Edwin Díaz,621242,LAD,Right elbow loose bodies.,D60,3,RP,Injured 60-Day
R,Los Angeles Dodgers,active,R,P,Emmet Sheehan,686218,LAD,,A,80,RP,Active
R,Los Angeles Dodgers,active,L,P,Eric Lauer,641778,LAD,,A,33,RP,Active
R,Los Angeles Dodgers,active,R,P,Evan Phillips,623465,LAD,,A,59,RP,Active
R,Los Angeles Dodgers,IL,R,P,Gavin Stone,694813,LAD,Right shoulder inflammation.,D60,35,RP,Injured 60-Day
R,Los Angeles Dodgers,active,L,P,Jack Dreyer,676263,LAD,,A,86,RP,Active
R,Los Angeles Dodgers,IL,R,P,Jake Cousins,664776,LAD,,D60,,RP,Injured 60-Day
L,Los Angeles Dodgers,active,L,P,Justin Wrobleski,680736,LAD,,A,70,RP,Active
R,Los Angeles Dodgers,active,R,P,Kyle Hurt,669165,LAD,,A,63,RP,Active
L,Los Angeles Dodgers,IL,R,P,Landon Knack,689017,LAD,,D60,96,RP,Injured 60-Day
R,Los Angeles Dodgers,active,R,P,Roki Sasaki,808963,LAD,,A,11,RP,Active
R,Los Angeles Dodgers,active,L,P,Tanner Scott,656945,LAD,,A,66,RP,Active
L,Los Angeles Dodgers,IL,R,P,Tyler Glasnow,607192,LAD,Low back spasms.,D60,31,RP,Injured 60-Day
R,Los Angeles Dodgers,active,R,P,Will Klein,694361,LAD,,A,61,RP,Active
R,Los Angeles Dodgers,active,R,P,Yoshinobu Yamamoto,808967,LAD,,A,18,RP,Active
R,Los Angeles Dodgers,active,R,SS,Miguel Rojas,500743,LAD,,A,72,SS,Active
R,Los Angeles Dodgers,active,R,SS,Mookie Betts,605141,LAD,,A,50,SS,Active
L,Los Angeles Dodgers,active,R,TWP,Shohei Ohtani,660271,LAD,,A,17,TWP,Active
S,Miami Marlins,active,R,2B,Xavier Edwards,669364,MIA,,A,9,2B,Active
R,Miami Marlins,active,R,3B,Javier Sanoja,691594,MIA,,A,8,3B,Active
R,Miami Marlins,active,R,3B,Leo Jiménez,677870,MIA,,A,19,3B,Active
R,Miami Marlins,active,R,C,Brian Navarreto,640459,MIA,,A,64,C,Active
L,Miami Marlins,active,R,C,Joe Mack,691788,MIA,,A,80,C,Active
L,Miami Marlins,active,R,C,Liam Hicks,689414,MIA,,A,34,C,Active
R,Miami Marlins,active,R,RF,Esteury Ruiz,665923,MIA,,A,3,OF,Active
L,Miami Marlins,active,R,LF,Griffin Conine,665052,MIA,,A,18,OF,Active
R,Miami Marlins,active,R,LF,Heriberto Hernández,681715,MIA,,A,13,OF,Active
L,Miami Marlins,active,L,CF,Jakob Marsee,805300,MIA,,A,87,OF,Active
L,Miami Marlins,active,L,LF,Kyle Stowers,669065,MIA,,A,28,OF,Active
L,Miami Marlins,active,R,RF,Owen Caissie,683357,MIA,,A,17,OF,Active
R,Miami Marlins,IL,R,P,Adam Mazur,800049,MIA,Right elbow surgery.,D60,60,RP,Injured 60-Day
L,Miami Marlins,IL,L,P,Andrew Nardi,677053,MIA,Left rib cage stress reaction.,D60,43,RP,Injured 60-Day
R,Miami Marlins,IL,R,P,Anthony Bender,669622,MIA,Right shin stress reaction.,D15,37,RP,Injured 15-Day
L,Miami Marlins,active,L,P,Cade Gibson,806188,MIA,,A,58,RP,Active
R,Miami Marlins,active,R,P,Calvin Faucher,676534,MIA,,A,53,RP,Active
R,Miami Marlins,active,R,P,Eury Pérez,691587,MIA,,A,39,RP,Active
R,Miami Marlins,IL,R,P,Janson Junk,676083,MIA,Right shin bone inflammation.,D15,26,RP,Injured 15-Day
L,Miami Marlins,active,L,P,John King,667463,MIA,,A,47,RP,Active
R,Miami Marlins,IL,R,P,Josh Ekness,694795,MIA,Right calf strain.,D60,95,RP,Injured 60-Day
R,Miami Marlins,active,R,P,Lake Bachar,669199,MIA,,A,84,RP,Active
L,Miami Marlins,active,R,P,Max Meyer,676974,MIA,,A,23,RP,Active
R,Miami Marlins,active,R,P,Michael Petersen,656848,MIA,,A,49,RP,Active
R,Miami Marlins,active,R,P,Pete Fairbanks,664126,MIA,,A,29,RP,Active
R,Miami Marlins,IL,L,P,Robby Snelling,702281,MIA,,D60,61,RP,Injured 60-Day
R,Miami Marlins,IL,R,P,Ronny Henriquez,678692,MIA,Right elbow surgery.,D60,32,RP,Injured 60-Day
R,Miami Marlins,active,R,P,Sandy Alcantara,645261,MIA,,A,22,RP,Active
R,Miami Marlins,active,R,P,Tyler Phillips,663969,MIA,,A,30,RP,Active
R,Miami Marlins,active,R,P,Tyler Zuber,676604,MIA,,A,55,RP,Active
R,Miami Marlins,active,R,P,William Kempner,687531,MIA,,A,71,RP,Active
R,Miami Marlins,active,R,P,Zach Brzykcy,694350,MIA,,A,62,RP,Active
R,Miami Marlins,active,R,SS,Otto Lopez,672640,MIA,,A,6,SS,Active
R,Milwaukee Brewers,active,R,1B,Andrew Vaughn,683734,MIL,,A,28,1B,Active
L,Milwaukee Brewers,active,L,1B,Jake Bauers,641343,MIL,,A,9,1B,Active
L,Milwaukee Brewers,active,R,2B,Brice Turang,668930,MIL,,A,2,2B,Active
L,Milwaukee Brewers,active,R,3B,David Hamilton,666152,MIL,,A,6,3B,Active
R,Milwaukee Brewers,active,R,C,Gary Sánchez,596142,MIL,,A,99,C,Active
R,Milwaukee Brewers,active,R,C,William Contreras,661388,MIL,,A,24,C,Active
L,Milwaukee Brewers,active,R,DH,Christian Yelich,592885,MIL,,A,22,DH,Active
S,Milwaukee Brewers,active,R,CF,Blake Perkins,663368,MIL,,A,16,OF,Active
R,Milwaukee Brewers,IL,R,LF,Brandon Lockridge,663604,MIL,Right knee laceration and contusion.,D10,20,OF,Injured 10-Day
L,Milwaukee Brewers,active,R,CF,Garrett Mitchell,669003,MIL,,A,5,OF,Active
R,Milwaukee Brewers,active,R,LF,Jackson Chourio,694192,MIL,,A,11,OF,Active
L,Milwaukee Brewers,active,R,RF,Sal Frelick,686217,MIL,,A,10,OF,Active
R,Milwaukee Brewers,active,L,P,Aaron Ashby,676879,MIL,,A,26,RP,Active
R,Milwaukee Brewers,active,R,P,Abner Uribe,682842,MIL,,A,45,RP,Active
L,Milwaukee Brewers,IL,L,P,Angel Zerpa,672582,MIL,Left forearm tightness.,D60,61,RP,Injured 60-Day
R,Milwaukee Brewers,active,R,P,Brandon Sproat,687075,MIL,,A,23,RP,Active
L,Milwaukee Brewers,IL,R,P,Brandon Woodruff,605540,MIL,Right shoulder inflammation.,D15,53,RP,Injured 15-Day
S,Milwaukee Brewers,IL,L,P,Brian Fitzpatrick,702153,MIL,Left elbow injury,D60,35,RP,Injured 60-Day
R,Milwaukee Brewers,IL,R,P,Carlos Rodriguez,692230,MIL,,D15,27,RP,Injured 15-Day
R,Milwaukee Brewers,active,R,P,Chad Patrick,694477,MIL,,A,39,RP,Active
R,Milwaukee Brewers,IL,R,P,Coleman Crow,689441,MIL,Right forearm flexor strain.,D15,57,RP,Injured 15-Day
R,Milwaukee Brewers,active,R,P,Craig Yoho,684974,MIL,,A,48,RP,Active
L,Milwaukee Brewers,IL,L,P,DL Hall,669084,MIL,Left pectoral strain.,D15,37,RP,Injured 15-Day
L,Milwaukee Brewers,active,L,P,Drew Rom,680723,MIL,,A,38,RP,Active
R,Milwaukee Brewers,active,R,P,Garrett Stallings,668831,MIL,,A,31,RP,Active
R,Milwaukee Brewers,active,R,P,Grant Anderson,681982,MIL,,A,56,RP,Active
R,Milwaukee Brewers,active,R,P,Jacob Misiorowski,694819,MIL,,A,32,RP,Active
R,Milwaukee Brewers,active,L,P,Jared Koenig,657649,MIL,,A,47,RP,Active
R,Milwaukee Brewers,IL,R,P,Joel Kuhnel,669270,MIL,Right shoulder impingement.,D15,59,RP,Injured 15-Day
R,Milwaukee Brewers,active,L,P,Kyle Harrison,690986,MIL,,A,52,RP,Active
R,Milwaukee Brewers,IL,R,P,Logan Henderson,701656,MIL,Low back strain.,D15,43,RP,Injured 15-Day
R,Milwaukee Brewers,IL,R,P,Quinn Priester,682990,MIL,Right thoracic outlet syndrome,D60,46,RP,Injured 60-Day
R,Milwaukee Brewers,IL,L,P,Rob Zastryzny,642239,MIL,Left trapezius strain.,D15,58,RP,Injured 15-Day
L,Milwaukee Brewers,active,L,P,Shane Drohan,675660,MIL,,A,55,RP,Active
L,Milwaukee Brewers,active,R,P,Trevor Megill,656730,MIL,,A,29,RP,Active
R,Milwaukee Brewers,active,R,SS,Cooper Pratt,806198,MIL,,A,12,SS,Active
R,Milwaukee Brewers,active,R,SS,Joey Ortiz,687401,MIL,,A,3,SS,Active
L,Minnesota Twins,active,R,1B,Kody Clemens,665019,MIN,,A,2,1B,Active
R,Minnesota Twins,active,R,2B,Luke Keaschall,807712,MIN,,A,15,2B,Active
R,Minnesota Twins,active,R,3B,Royce Lewis,668904,MIN,,A,23,3B,Active
R,Minnesota Twins,active,R,C,Alex Jackson,656577,MIN,,A,70,C,Active
R,Minnesota Twins,IL,R,C,Ryan Jeffers,680777,MIN,Left hamate bone fracture.,D10,27,C,Injured 10-Day
S,Minnesota Twins,active,R,C,Victor Caratini,605170,MIN,,A,37,C,Active
S,Minnesota Twins,active,R,DH,Josh Bell,605137,MIN,,A,56,DH,Active
R,Minnesota Twins,active,R,RF,Austin Martin,668885,MIN,,A,16,OF,Active
R,Minnesota Twins,active,R,CF,Byron Buxton,621439,MIN,,A,25,OF,Active
R,Minnesota Twins,active,R,LF,Kyler Fedko,693459,MIN,,A,51,OF,Active
R,Minnesota Twins,active,R,CF,Ryan Kreidler,668952,MIN,,A,5,OF,Active
L,Minnesota Twins,active,R,LF,Trevor Larnach,663616,MIN,,A,9,OF,Active
R,Minnesota Twins,active,R,P,Andrew Morris,702193,MIN,,A,78,RP,Active
L,Minnesota Twins,IL,L,P,Anthony Banda,607455,MIN,Left lat strain.,D15,43,RP,Injured 15-Day
R,Minnesota Twins,IL,R,P,Bailey Ober,641927,MIN,Right elbow inflammation.,D15,17,RP,Injured 15-Day
R,Minnesota Twins,IL,R,P,Cole Sands,663485,MIN,Right forearm strain.,D15,44,RP,Injured 15-Day
L,Minnesota Twins,active,L,P,Connor Prielipp,687570,MIN,,A,61,RP,Active
R,Minnesota Twins,IL,R,P,David Festa,701581,MIN,Right shoulder impingement.,D60,58,RP,Injured 60-Day
R,Minnesota Twins,active,R,P,Eric Orze,679358,MIN,,A,19,RP,Active
L,Minnesota Twins,IL,R,P,Garrett Acton,670183,MIN,Right shoulder strain,D60,50,RP,Injured 60-Day
R,Minnesota Twins,active,R,P,Joe Ryan,657746,MIN,,A,41,RP,Active
L,Minnesota Twins,active,L,P,Kody Funderburk,681892,MIN,,A,57,RP,Active
R,Minnesota Twins,active,R,P,Marco Raya,694397,MIN,,A,54,RP,Active
R,Minnesota Twins,IL,R,P,Mick Abel,690953,MIN,Right elbow inflammation.,D15,20,RP,Injured 15-Day
R,Minnesota Twins,active,R,P,Mike Paredes,702474,MIN,,A,53,RP,Active
L,Minnesota Twins,IL,R,P,Pablo López,641154,MIN,Tommy John surgery.,D60,49,RP,Injured 60-Day
R,Minnesota Twins,active,R,P,Taj Bradley,671737,MIN,,A,26,RP,Active
L,Minnesota Twins,active,L,P,Taylor Rogers,573124,MIN,,A,55,RP,Active
R,Minnesota Twins,active,R,P,Travis Adams,701519,MIN,,A,45,RP,Active
R,Minnesota Twins,active,R,P,Yoendrys Gómez,672782,MIN,,A,94,RP,Active
R,Minnesota Twins,active,R,P,Zebby Matthews,805673,MIN,,A,52,RP,Active
S,Minnesota Twins,active,R,SS,Brooks Lee,686797,MIN,,A,22,SS,Active
L,Minnesota Twins,active,R,SS,Tristan Gray,656484,MIN,,A,4,SS,Active
R,New York Mets,active,R,1B,Eric Wagaman,676572,NYM,,A,39,1B,Active
L,New York Mets,active,R,1B,Jared Young,676724,NYM,,A,29,1B,Active
S,New York Mets,IL,R,1B,Jorge Polanco,593871,NYM,Right wrist contusion.,D60,11,1B,Injured 60-Day
R,New York Mets,active,R,1B,Mark Vientos,668901,NYM,,A,27,1B,Active
R,New York Mets,IL,R,2B,Marcus Semien,543760,NYM,Left hip flexor strain.,D10,10,2B,Injured 10-Day
L,New York Mets,active,R,3B,Brett Baty,683146,NYM,,A,7,3B,Active
R,New York Mets,active,R,C,Francisco Alvarez,682626,NYM,,A,4,C,Active
R,New York Mets,active,R,C,Luis Torrens,620443,NYM,,A,13,C,Active
L,New York Mets,active,R,CF,A.J. Ewing,805999,NYM,,A,9,OF,Active
L,New York Mets,active,R,RF,Carson Benge,701807,NYM,,A,3,OF,Active
L,New York Mets,active,L,LF,Juan Soto,665742,NYM,,A,22,OF,Active
R,New York Mets,IL,R,CF,Luis Robert Jr.,673357,NYM,Lumbar spine disc herniation.,D60,88,OF,Injured 60-Day
R,New York Mets,active,R,CF,Tyrone Taylor,621438,NYM,,A,28,OF,Active
L,New York Mets,active,L,P,A.J. Minter,621345,NYM,,A,33,RP,Active
R,New York Mets,active,R,P,Austin Warren,681810,NYM,,A,44,RP,Active
L,New York Mets,active,L,P,Brooks Raley,548384,NYM,,A,25,RP,Active
R,New York Mets,active,R,P,Christian Scott,681035,NYM,,A,45,RP,Active
R,New York Mets,active,L,P,Cionel Pérez,672335,NYM,,A,52,RP,Active
R,New York Mets,IL,R,P,Clay Holmes,605280,NYM,Right fibula fracture.,D60,35,RP,Injured 60-Day
R,New York Mets,IL,R,P,Dedniel Núñez,673380,NYM,Tommy John surgery recovery.,D60,72,RP,Injured 60-Day
R,New York Mets,active,R,P,Devin Williams,642207,NYM,,A,38,RP,Active
R,New York Mets,active,R,P,Freddy Peralta,642547,NYM,,A,51,RP,Active
R,New York Mets,active,R,P,Guillo Zuñiga,670871,NYM,,A,46,RP,Active
R,New York Mets,active,R,P,Huascar Brazobán,623211,NYM,,A,43,RP,Active
R,New York Mets,IL,R,P,Justin Hagenman,663795,NYM,Rib Fracture,D60,47,RP,Injured 60-Day
L,New York Mets,active,R,P,Kodai Senga,673540,NYM,,A,34,RP,Active
R,New York Mets,active,R,P,Luke Weaver,596133,NYM,,A,30,RP,Active
R,New York Mets,active,R,P,Nolan McLean,690997,NYM,,A,26,RP,Active
R,New York Mets,IL,R,P,Reed Garrett,657585,NYM,,D60,75,RP,Injured 60-Day
R,New York Mets,active,L,P,Sean Manaea,640455,NYM,,A,59,RP,Active
R,New York Mets,IL,R,P,Tylor Megill,656731,NYM,Right elbow sprain.,D60,58,RP,Injured 60-Day
R,New York Mets,active,R,SS,Bo Bichette,666182,NYM,,A,19,SS,Active
S,New York Mets,active,R,SS,Francisco Lindor,596019,NYM,,A,12,SS,Active
S,New York Mets,active,R,SS,Ronny Mauricio,677595,NYM,,A,0,SS,Active
L,New York Yankees,active,R,1B,Ben Rice,700250,NYY,,A,22,1B,Active
R,New York Yankees,active,R,1B,Paul Goldschmidt,502671,NYY,,A,48,1B,Active
L,New York Yankees,active,R,2B,Jazz Chisholm Jr.,665862,NYY,,A,13,2B,Active
R,New York Yankees,active,R,3B,Amed Rosario,642708,NYY,,A,14,3B,Active
L,New York Yankees,active,R,3B,Ryan McMahon,641857,NYY,,A,19,3B,Active
R,New York Yankees,active,R,C,Ali Sánchez,645305,NYY,,A,39,C,Active
L,New York Yankees,active,R,C,Austin Wells,669224,NYY,,A,28,C,Active
R,New York Yankees,IL,R,DH,Giancarlo Stanton,519317,NYY,Right calf strain.,D10,27,DH,Injured 10-Day
R,New York Yankees,IL,R,RF,Aaron Judge,592450,NYY,Right rib stress fracture,D10,99,OF,Injured 10-Day
L,New York Yankees,active,L,LF,Cody Bellinger,641355,NYY,,A,35,OF,Active
S,New York Yankees,active,R,RF,Jasson Domínguez,691176,NYY,,A,24,OF,Active
L,New York Yankees,active,L,CF,Trent Grisham,663757,NYY,,A,12,OF,Active
R,New York Yankees,active,R,P,Angel Chivilli,683409,NYY,,A,57,RP,Active
L,New York Yankees,active,L,P,Brent Headrick,687396,NYY,,A,47,RP,Active
R,New York Yankees,active,R,P,Cam Schlittler,693645,NYY,,A,31,RP,Active
R,New York Yankees,active,R,P,Camilo Doval,666808,NYY,,A,75,RP,Active
L,New York Yankees,IL,L,P,Carlos Rodón,607074,NYY,Left elbow inflammation,D15,55,RP,Injured 15-Day
R,New York Yankees,IL,R,P,Clarke Schmidt,657376,NYY,Right forearm tightness.,D60,36,RP,Injured 60-Day
L,New York Yankees,active,R,P,David Bednar,670280,NYY,,A,53,RP,Active
R,New York Yankees,active,R,P,Fernando Cruz,518585,NYY,,A,63,RP,Active
R,New York Yankees,active,R,P,Gerrit Cole,543037,NYY,,A,45,RP,Active
R,New York Yankees,active,R,P,Jake Bird,656234,NYY,,A,59,RP,Active
L,New York Yankees,IL,L,P,Max Fried,608331,NYY,Left elbow bone bruise.,D15,54,RP,Injured 15-Day
R,New York Yankees,active,R,P,Paul Blackburn,621112,NYY,,A,58,RP,Active
R,New York Yankees,active,L,P,Ryan Weathers,677960,NYY,,A,40,RP,Active
R,New York Yankees,active,L,P,Ryan Yarbrough,642232,NYY,,A,33,RP,Active
R,New York Yankees,active,L,P,Tim Hill,657612,NYY,,A,41,RP,Active
R,New York Yankees,active,R,P,Will Warren,701542,NYY,,A,29,RP,Active
R,New York Yankees,active,R,SS,Anthony Volpe,683011,NYY,,A,11,SS,Active
R,New York Yankees,active,R,SS,José Caballero,676609,NYY,,A,72,SS,Active
R,New York Yankees,active,R,SS,Max Schuemann,680474,NYY,,A,30,SS,Active
L,Philadelphia Phillies,active,R,1B,Bryce Harper,547180,PHI,,A,3,1B,Active
L,Philadelphia Phillies,active,R,2B,Bryson Stott,681082,PHI,,A,5,2B,Active
R,Philadelphia Phillies,active,R,2B,Edmundo Sosa,624641,PHI,,A,33,2B,Active
R,Philadelphia Phillies,active,R,3B,Alec Bohm,664761,PHI,,A,28,3B,Active
L,Philadelphia Phillies,active,R,C,Garrett Stubbs,596117,PHI,,A,21,C,Active
R,Philadelphia Phillies,active,R,C,J.T. Realmuto,592663,PHI,,A,10,C,Active
S,Philadelphia Phillies,active,R,C,Rafael Marchán,665561,PHI,,A,13,C,Active
L,Philadelphia Phillies,active,R,DH,Kyle Schwarber,656941,PHI,,A,12,DH,Active
R,Philadelphia Phillies,IL,R,RF,Adolis García,666969,PHI,Right latissimus dorsi tear,D60,53,OF,Injured 60-Day
L,Philadelphia Phillies,active,R,LF,Brandon Marsh,669016,PHI,,A,16,OF,Active
R,Philadelphia Phillies,active,R,RF,Derek Hill,656537,PHI,,A,49,OF,Active
L,Philadelphia Phillies,active,R,RF,Gabriel Rincones Jr.,687282,PHI,,A,17,OF,Active
R,Philadelphia Phillies,IL,R,CF,Johan Rojas,679032,PHI,Right elbow UCL repair.,D60,23,OF,Injured 60-Day
L,Philadelphia Phillies,active,R,CF,Justin Crawford,702222,PHI,,A,2,OF,Active
R,Philadelphia Phillies,active,R,P,Aaron Nola,605400,PHI,,A,27,RP,Active
R,Philadelphia Phillies,IL,R,P,Brad Keller,641745,PHI,Right forearm tendinitis.,D15,40,RP,Injured 15-Day
L,Philadelphia Phillies,active,L,P,Cristopher Sánchez,650911,PHI,,A,61,RP,Active
L,Philadelphia Phillies,active,L,P,Jesús Luzardo,666200,PHI,,A,44,RP,Active
R,Philadelphia Phillies,active,R,P,Jhoan Duran,661395,PHI,,A,59,RP,Active
R,Philadelphia Phillies,active,R,P,Jonathan Bowlan,680742,PHI,,A,52,RP,Active
L,Philadelphia Phillies,active,L,P,José Alvarado,621237,PHI,,A,46,RP,Active
L,Philadelphia Phillies,active,L,P,Kyle Backhus,679775,PHI,,A,19,RP,Active
R,Philadelphia Phillies,active,R,P,Lou Trivino III,642152,PHI,,A,22,RP,Active
R,Philadelphia Phillies,active,R,P,Orion Kerkering,689147,PHI,,A,50,RP,Active
R,Philadelphia Phillies,active,R,P,Seth Johnson,686751,PHI,,A,51,RP,Active
R,Philadelphia Phillies,active,L,P,Tanner Banks,621383,PHI,,A,58,RP,Active
L,Philadelphia Phillies,active,L,P,Tim Mayza,641835,PHI,,A,37,RP,Active
L,Philadelphia Phillies,active,R,P,Zack Wheeler,554430,PHI,,A,45,RP,Active
R,Philadelphia Phillies,active,R,SS,Trea Turner,607208,PHI,,A,7,SS,Active
L,Pittsburgh Pirates,IL,R,1B,Spencer Horwitz,687462,PIT,Left hamstring strain.,D10,2,1B,Injured 10-Day
L,Pittsburgh Pirates,active,R,2B,Brandon Lowe,664040,PIT,,A,5,2B,Active
R,Pittsburgh Pirates,active,R,3B,Nick Gonzales,693304,PIT,,A,3,3B,Active
S,Pittsburgh Pirates,active,R,C,Endy Rodríguez,682848,PIT,,A,13,C,Active
R,Pittsburgh Pirates,active,R,C,Henry Davis,680779,PIT,,A,32,C,Active
R,Pittsburgh Pirates,active,R,DH,Marcell Ozuna,542303,PIT,,A,24,DH,Active
R,Pittsburgh Pirates,active,R,RF,Billy Cook,695257,PIT,,A,25,OF,Active
S,Pittsburgh Pirates,active,R,LF,Bryan Reynolds,668804,PIT,,A,10,OF,Active
R,Pittsburgh Pirates,active,R,RF,Esmerlyn Valdez,699013,PIT,,A,55,OF,Active
S,Pittsburgh Pirates,active,L,CF,Jake Mangum,663968,PIT,,A,28,OF,Active
L,Pittsburgh Pirates,IL,R,CF,Oneil Cruz,665833,PIT,Left hand fourth and fifth metacarpal non-displaced fractures.,D10,15,OF,Injured 10-Day
L,Pittsburgh Pirates,active,L,RF,Ryan O'Hearn,656811,PIT,,A,29,OF,Active
L,Pittsburgh Pirates,active,R,LF,Tyler Callihan,682997,PIT,,A,37,OF,Active
L,Pittsburgh Pirates,active,R,P,Braxton Ashcraft,677952,PIT,,A,35,RP,Active
S,Pittsburgh Pirates,active,R,P,Bubba Chandler,696149,PIT,,A,36,RP,Active
R,Pittsburgh Pirates,active,R,P,Cam Sanders,676742,PIT,,A,64,RP,Active
R,Pittsburgh Pirates,active,R,P,Carmen Mlodzinski,669387,PIT,,A,50,RP,Active
R,Pittsburgh Pirates,IL,R,P,Chris Devenski,606965,PIT,,D60,57,RP,Injured 60-Day
R,Pittsburgh Pirates,active,R,P,Dennis Santana,642701,PIT,,A,60,RP,Active
L,Pittsburgh Pirates,IL,L,P,Evan Sisk,681895,PIT,Left elbow inflammation.,D15,48,RP,Injured 15-Day
L,Pittsburgh Pirates,active,L,P,Gregory Soto,642397,PIT,,A,31,RP,Active
R,Pittsburgh Pirates,active,R,P,Hunter Stratton,676702,PIT,,A,61,RP,Active
R,Pittsburgh Pirates,active,R,P,Isaac Mattson,676755,PIT,,A,72,RP,Active
L,Pittsburgh Pirates,active,R,P,Jared Jones,683003,PIT,,A,17,RP,Active
L,Pittsburgh Pirates,active,L,P,Mason Montgomery,682254,PIT,,A,46,RP,Active
R,Pittsburgh Pirates,active,R,P,Mitch Keller,656605,PIT,,A,23,RP,Active
R,Pittsburgh Pirates,active,R,P,Paul Skenes,694973,PIT,,A,30,RP,Active
R,Pittsburgh Pirates,IL,R,P,Wilber Dotel,696062,PIT,Right lat muscle strain.,D15,66,RP,Injured 15-Day
R,Pittsburgh Pirates,active,R,P,Yohan Ramírez,670990,PIT,,A,49,RP,Active
R,Pittsburgh Pirates,active,R,SS,Jared Triolo,669707,PIT,,A,19,SS,Active
R,Pittsburgh Pirates,active,R,SS,Konnor Griffin,804606,PIT,,A,6,SS,Active
L,San Diego Padres,active,L,1B,Gavin Sheets,657757,SDP,,A,30,1B,Active
R,San Diego Padres,active,R,1B,Ty France,664034,SDP,,A,25,1B,Active
L,San Diego Padres,active,R,2B,Jake Cronenworth,630105,SDP,,A,9,2B,Active
L,San Diego Padres,active,R,2B,Sung-Mun Song,823550,SDP,,A,24,2B,Active
R,San Diego Padres,active,R,3B,Manny Machado,592518,SDP,,A,13,3B,Active
R,San Diego Padres,IL,R,C,Freddy Fermin,666023,SDP,Head contusion.,D10,54,C,Injured 10-Day
R,San Diego Padres,active,R,C,Luis Campusano,669134,SDP,,A,12,C,Active
R,San Diego Padres,active,R,C,Rodolfo Durán,660710,SDP,,A,48,C,Active
R,San Diego Padres,active,R,DH,Miguel Andujar,609280,SDP,,A,41,DH,Active
R,San Diego Padres,active,R,RF,Fernando Tatis Jr.,665487,SDP,,A,23,OF,Active
L,San Diego Padres,active,R,CF,Jackson Merrill,701538,SDP,,A,3,OF,Active
R,San Diego Padres,active,R,RF,Jase Bowen,687749,SDP,,A,4,OF,Active
R,San Diego Padres,IL,R,LF,Ramón Laureano,657656,SDP,,D60,5,OF,Injured 60-Day
R,San Diego Padres,active,R,LF,Samad Taylor,669392,SDP,,A,0,OF,Active
L,San Diego Padres,active,L,P,Adrian Morejon,670970,SDP,,A,50,RP,Active
L,San Diego Padres,active,R,P,Alek Jacob,689690,SDP,,A,37,RP,Active
R,San Diego Padres,active,R,P,Bradgley Rodriguez,699134,SDP,,A,72,RP,Active
R,San Diego Padres,IL,R,P,Bryan Hoeing,663773,SDP,Torn right elbow flexor tendon.,D60,78,RP,Injured 60-Day
R,San Diego Padres,IL,R,P,David Morgan,688158,SDP,Left knee inflammation.,D15,66,RP,Injured 15-Day
R,San Diego Padres,active,R,P,Germán Márquez,608566,SDP,,A,33,RP,Active
R,San Diego Padres,active,R,P,Griffin Canning,656288,SDP,,A,17,RP,Active
R,San Diego Padres,active,L,P,JP Sears,676664,SDP,,A,38,RP,Active
R,San Diego Padres,IL,R,P,Jason Adam,592094,SDP,Right shoulder strain,D15,40,RP,Injured 15-Day
S,San Diego Padres,IL,R,P,Jeremiah Estrada,669093,SDP,Right knee inflammation,D15,56,RP,Injured 15-Day
R,San Diego Padres,IL,R,P,Joe Musgrove,605397,SDP,,D60,44,RP,Injured 60-Day
L,San Diego Padres,active,L,P,Kyle Hart,606996,SDP,,A,68,RP,Active
R,San Diego Padres,IL,R,P,Lucas Giolito,608337,SDP,Right elbow inflammation.,D15,55,RP,Injured 15-Day
R,San Diego Padres,active,R,P,Mason Miller,695243,SDP,,A,22,RP,Active
R,San Diego Padres,IL,R,P,Matt Waldron,663362,SDP,Right brachialis muscle injury.,D15,61,RP,Injured 15-Day
R,San Diego Padres,active,R,P,Michael King,650633,SDP,,A,34,RP,Active
R,San Diego Padres,IL,R,P,Nick Pivetta,601713,SDP,Right elbow inflammation.,D60,27,RP,Injured 60-Day
R,San Diego Padres,IL,R,P,Randy Vásquez,681190,SDP,Right ankle contusion.,D15,98,RP,Injured 15-Day
R,San Diego Padres,active,R,P,Ron Marinaccio,676760,SDP,,A,97,RP,Active
R,San Diego Padres,active,R,P,Walker Buehler,621111,SDP,,A,10,RP,Active
L,San Diego Padres,active,L,P,Wandy Peralta,593974,SDP,,A,58,RP,Active
L,San Diego Padres,active,L,P,Yuki Matsui,673513,SDP,,A,1,RP,Active
R,San Diego Padres,active,R,SS,Xander Bogaerts,593428,SDP,,A,2,SS,Active
R,Seattle Mariners,active,R,1B,Buddy Kennedy,671083,SEA,,A,39,1B,Active
L,Seattle Mariners,active,L,1B,Josh Naylor,647304,SEA,,A,12,1B,Active
L,Seattle Mariners,active,R,2B,Cole Young,702284,SEA,,A,2,2B,Active
L,Seattle Mariners,IL,R,3B,Brendan Donovan,680977,SEA,Left groin muscle strain.,D10,33,3B,Injured 10-Day
L,Seattle Mariners,active,R,3B,Miles Mastrobuoni,670156,SEA,,A,21,3B,Active
R,Seattle Mariners,active,R,3B,Weston Wilson,642215,SEA,,A,31,3B,Active
R,Seattle Mariners,IL,R,3B,Will Wilson,669717,SEA,Left thumb fracture.,D60,7,3B,Injured 60-Day
S,Seattle Mariners,active,R,C,Cal Raleigh,663728,SEA,,A,29,C,Active
R,Seattle Mariners,active,R,C,Mitch Garver,641598,SEA,,A,18,C,Active
L,Seattle Mariners,active,R,DH,Dominic Canzone,686527,SEA,,A,8,DH,Active
R,Seattle Mariners,IL,R,DH,Rob Refsnyder,608701,SEA,Right knee inflammation.,D10,30,DH,Injured 10-Day
R,Seattle Mariners,IL,R,CF,Julio Rodríguez,677594,SEA,Concussion,D7,44,OF,Injured 7-Day
L,Seattle Mariners,active,R,RF,Luke Raley,670042,SEA,,A,20,OF,Active
R,Seattle Mariners,active,R,LF,Randy Arozarena,668227,SEA,,A,56,OF,Active
R,Seattle Mariners,active,R,RF,Victor Robles,645302,SEA,,A,10,OF,Active
R,Seattle Mariners,active,R,P,Andrés Muñoz,662253,SEA,,A,75,RP,Active
R,Seattle Mariners,active,R,P,Bryan Woo,693433,SEA,,A,22,RP,Active
R,Seattle Mariners,active,R,P,Bryce Miller,682243,SEA,,A,50,RP,Active
R,Seattle Mariners,IL,R,P,Carlos Vargas,672841,SEA,Right lat strain.,D60,54,RP,Injured 60-Day
R,Seattle Mariners,active,R,P,Cole Wilcox,677961,SEA,,A,43,RP,Active
R,Seattle Mariners,IL,R,P,Cooper Criswell,681867,SEA,Right shoulder strain.,D60,88,RP,Injured 60-Day
R,Seattle Mariners,active,R,P,Eduard Bazardo,660825,SEA,,A,83,RP,Active
R,Seattle Mariners,active,R,P,Emerson Hancock,676106,SEA,,A,26,RP,Active
L,Seattle Mariners,active,L,P,Gabe Speier,642100,SEA,,A,55,RP,Active
R,Seattle Mariners,active,R,P,George Kirby,669923,SEA,,A,68,RP,Active
L,Seattle Mariners,active,L,P,José A. Ferrer,678606,SEA,,A,45,RP,Active
R,Seattle Mariners,IL,R,P,Logan Evans,688138,SEA,Recovery from torn UCL in right arm.,D60,23,RP,Injured 60-Day
R,Seattle Mariners,active,R,P,Logan Gilbert,669302,SEA,,A,36,RP,Active
R,Seattle Mariners,active,R,P,Luis Castillo,622491,SEA,,A,58,RP,Active
R,Seattle Mariners,IL,R,P,Matt Brash,666374,SEA,Right lat strain.,D15,47,RP,Injured 15-Day
R,Seattle Mariners,active,R,P,Michael Rucker,621074,SEA,,A,38,RP,Active
R,Seattle Mariners,active,R,P,Nick Davila,689546,SEA,,A,82,RP,Active
L,Seattle Mariners,active,R,SS,Colt Emerson,806068,SEA,,A,4,SS,Active
L,Seattle Mariners,active,R,SS,J.P. Crawford,641487,SEA,,A,3,SS,Active
L,San Francisco Giants,active,R,1B,Rafael Devers,646240,SFG,,A,16,1B,Active
R,San Francisco Giants,active,R,2B,Christian Koss,683766,SFG,,A,50,2B,Active
L,San Francisco Giants,active,R,2B,Luis Arraez,650333,SFG,,A,1,2B,Active
R,San Francisco Giants,IL,R,3B,Matt Chapman,656305,SFG,Abdominal strain.,D10,26,3B,Injured 10-Day
R,San Francisco Giants,IL,R,C,Daniel Susac,691740,SFG,Low back strain,D10,6,C,Injured 10-Day
L,San Francisco Giants,active,R,C,Drew Cavanaugh,701852,SFG,,A,61,C,Active
R,San Francisco Giants,active,R,C,Eric Haase,606992,SFG,,A,18,C,Active
L,San Francisco Giants,active,R,DH,Bryce Eldridge,805811,SFG,,A,8,DH,Active
R,San Francisco Giants,active,R,LF,Casey Schmitt,669477,SFG,,A,10,OF,Active
L,San Francisco Giants,active,L,CF,Drew Gilbert,687551,SFG,,A,0,OF,Active
R,San Francisco Giants,IL,R,CF,Harrison Bader,664056,SFG,Left plantar fasciitis,D10,9,OF,Injured 10-Day
R,San Francisco Giants,active,R,LF,Heliot Ramos,671218,SFG,,A,17,OF,Active
R,San Francisco Giants,active,R,CF,Jonah Cox,813841,SFG,,A,53,OF,Active
L,San Francisco Giants,active,R,RF,Jung Hoo Lee,808982,SFG,,A,51,OF,Active
R,San Francisco Giants,active,R,RF,Victor Bericoto,682674,SFG,,A,78,OF,Active
R,San Francisco Giants,active,R,P,Adrian Houser,605288,SFG,,A,12,RP,Active
R,San Francisco Giants,active,R,P,Caleb Kilian,668873,SFG,,A,45,RP,Active
R,San Francisco Giants,active,R,P,Dylan Smith,681916,SFG,,A,66,RP,Active
L,San Francisco Giants,active,L,P,Erik Miller,669062,SFG,,A,68,RP,Active
R,San Francisco Giants,IL,R,P,Hayden Birdsong,806185,SFG,Tommy John surgery.,D60,60,RP,Injured 60-Day
R,San Francisco Giants,active,R,P,JT Brubaker,664141,SFG,,A,34,RP,Active
R,San Francisco Giants,IL,R,P,Jason Foley,671345,SFG,Recovery from right shoulder surgery.,D60,64,RP,Injured 60-Day
R,San Francisco Giants,IL,R,P,Joel Peguero,666711,SFG,Left hamstring strain,D60,63,RP,Injured 60-Day
R,San Francisco Giants,IL,R,P,José Buttó,676130,SFG,Right arm fatigue,D60,70,RP,Injured 60-Day
R,San Francisco Giants,IL,R,P,Keaton Winn,676775,SFG,Right elbow strain,D15,67,RP,Injured 15-Day
R,San Francisco Giants,active,R,P,Landen Roupp,694738,SFG,,A,65,RP,Active
R,San Francisco Giants,active,R,P,Logan Webb,657277,SFG,,A,62,RP,Active
L,San Francisco Giants,IL,L,P,Matt Gage,657424,SFG,Left elbow strain.,D15,93,RP,Injured 15-Day
R,San Francisco Giants,IL,R,P,Randy Rodríguez,678495,SFG,,D60,73,RP,Injured 60-Day
L,San Francisco Giants,active,L,P,Robbie Ray,592662,SFG,,A,38,RP,Active
L,San Francisco Giants,IL,R,P,Rowan Wick,592858,SFG,Recovery from Tommy John surgery.,D60,,RP,Injured 60-Day
R,San Francisco Giants,active,R,P,Ryan Walker,676254,SFG,,A,74,RP,Active
L,San Francisco Giants,active,L,P,Sam Hentges,656529,SFG,,A,31,RP,Active
R,San Francisco Giants,active,R,P,Spencer Bivens,702352,SFG,,A,76,RP,Active
R,San Francisco Giants,active,R,P,Trevor McDonald,686790,SFG,,A,72,RP,Active
R,San Francisco Giants,active,R,P,Tyler Mahle,641816,SFG,,A,54,RP,Active
R,San Francisco Giants,active,R,SS,Willy Adames,642715,SFG,,A,2,SS,Active
L,St. Louis Cardinals,active,L,1B,Alec Burleson,676475,STL,,A,41,1B,Active
L,St. Louis Cardinals,active,R,2B,JJ Wetherholt,802139,STL,,A,26,2B,Active
R,St. Louis Cardinals,active,R,3B,Blaze Jordan,691458,STL,,A,33,3B,Active
R,St. Louis Cardinals,IL,R,3B,Ramón Urías,602104,STL,Right elbow lateral epicondylitis.,D60,29,3B,Injured 60-Day
L,St. Louis Cardinals,active,R,C,Jimmy Crooks,699625,STL,,A,8,C,Active
R,St. Louis Cardinals,active,R,C,Pedro Pagés,686780,STL,,A,43,C,Active
R,St. Louis Cardinals,active,R,DH,Iván Herrera,671056,STL,,A,48,DH,Active
L,St. Louis Cardinals,active,R,LF,Bryan Torres,663494,STL,,A,39,OF,Active
R,St. Louis Cardinals,active,R,RF,Jordan Walker,691023,STL,,A,18,OF,Active
R,St. Louis Cardinals,active,R,LF,José Fermín,665877,STL,,A,15,OF,Active
L,St. Louis Cardinals,active,R,LF,Lars Nootbaar,663457,STL,,A,21,OF,Active
L,St. Louis Cardinals,active,L,LF,Nathan Church,701675,STL,,A,27,OF,Active
R,St. Louis Cardinals,active,R,LF,Nelson Velázquez,676369,STL,,A,38,OF,Active
R,St. Louis Cardinals,active,R,P,Andre Pallante,669467,STL,,A,53,RP,Active
R,St. Louis Cardinals,active,R,P,Dustin May,669160,STL,,A,3,RP,Active
R,St. Louis Cardinals,active,R,P,George Soriano,666277,STL,,A,65,RP,Active
R,St. Louis Cardinals,active,R,P,Gordon Graceffo,700669,STL,,A,44,RP,Active
L,St. Louis Cardinals,active,L,P,JoJo Romero,668941,STL,,A,59,RP,Active
L,St. Louis Cardinals,active,L,P,Justin Bruihl,677865,STL,,A,47,RP,Active
S,St. Louis Cardinals,active,R,P,Kyle Leahy,681517,STL,,A,62,RP,Active
R,St. Louis Cardinals,active,R,P,Matt Svanson,694335,STL,,A,49,RP,Active
L,St. Louis Cardinals,active,L,P,Matthew Liberatore,669461,STL,,A,32,RP,Active
R,St. Louis Cardinals,IL,R,P,Max Rajcic,691008,STL,Right elbow soreness.,D15,71,RP,Injured 15-Day
L,St. Louis Cardinals,active,R,P,Michael McGreevy,700241,STL,,A,36,RP,Active
R,St. Louis Cardinals,active,R,P,Riley O'Brien,676617,STL,,A,61,RP,Active
R,St. Louis Cardinals,active,R,P,Ryan Fernandez,681676,STL,,A,64,RP,Active
R,St. Louis Cardinals,active,R,P,Ryne Stanek,592773,STL,,A,55,RP,Active
R,St. Louis Cardinals,active,R,SS,Masyn Winn,691026,STL,,A,0,SS,Active
L,Tampa Bay Rays,active,R,1B,Jonathan Aranda,666018,TBR,,A,8,1B,Active
R,Tampa Bay Rays,active,R,2B,Ben Williamson,810938,TBR,,A,15,2B,Active
L,Tampa Bay Rays,active,R,2B,Richie Palacios,680700,TBR,,A,1,2B,Active
R,Tampa Bay Rays,active,R,3B,Junior Caminero,691406,TBR,,A,13,3B,Active
L,Tampa Bay Rays,active,R,C,Hunter Feduccia,676439,TBR,,A,9,C,Active
R,Tampa Bay Rays,active,R,C,Nick Fortes,663743,TBR,,A,40,C,Active
R,Tampa Bay Rays,active,R,DH,Yandy Díaz,650490,TBR,,A,2,DH,Active
L,Tampa Bay Rays,active,L,CF,Cedric Mullins,656775,TBR,,A,31,OF,Active
L,Tampa Bay Rays,active,R,LF,Chandler Simpson,802415,TBR,,A,14,OF,Active
L,Tampa Bay Rays,IL,R,LF,Gavin Lux,666158,TBR,Right shoulder impingement,D60,11,OF,Injured 60-Day
L,Tampa Bay Rays,IL,L,RF,Jake Fraley,641584,TBR,Hernia.,D10,17,OF,Injured 10-Day
R,Tampa Bay Rays,active,R,RF,Jonny DeLuca,676356,TBR,,A,21,OF,Active
R,Tampa Bay Rays,active,R,RF,Ryan Vilade,668723,TBR,,A,26,OF,Active
L,Tampa Bay Rays,active,L,RF,Victor Mesa Jr.,683748,TBR,,A,25,OF,Active
R,Tampa Bay Rays,active,R,P,Bryan Baker,641329,TBR,,A,47,RP,Active
L,Tampa Bay Rays,active,L,P,Cam Booser,592155,TBR,,A,62,RP,Active
R,Tampa Bay Rays,active,R,P,Casey Legumina,668984,TBR,,A,67,RP,Active
R,Tampa Bay Rays,active,R,P,Chris Roycroft,688297,TBR,,A,56,RP,Active
R,Tampa Bay Rays,active,R,P,Cole Sulser,642121,TBR,,A,71,RP,Active
R,Tampa Bay Rays,active,R,P,Craig Kimbrel,518886,TBR,,A,46,RP,Active
R,Tampa Bay Rays,active,R,P,Drew Rasmussen,656876,TBR,,A,57,RP,Active
R,Tampa Bay Rays,IL,R,P,Edwin Uceta,670955,TBR,Right shoulder impingement,D60,63,RP,Injured 60-Day
R,Tampa Bay Rays,active,L,P,Garrett Cleavinger,664076,TBR,,A,60,RP,Active
R,Tampa Bay Rays,active,R,P,Griffin Jax,643377,TBR,,A,22,RP,Active
L,Tampa Bay Rays,active,L,P,Ian Seymour,693855,TBR,,A,61,RP,Active
R,Tampa Bay Rays,IL,R,P,Jesse Scholtens,669947,TBR,Right wrist sprain.,D15,65,RP,Injured 15-Day
R,Tampa Bay Rays,IL,R,P,Jonathan Heasley,669169,TBR,,D60,68,RP,Injured 60-Day
R,Tampa Bay Rays,active,R,P,Kevin Kelly,687330,TBR,,A,49,RP,Active
R,Tampa Bay Rays,IL,R,P,Manuel Rodríguez,655889,TBR,,D60,39,RP,Injured 60-Day
L,Tampa Bay Rays,active,R,P,Nick Martinez,607259,TBR,,A,28,RP,Active
R,Tampa Bay Rays,IL,R,P,Ryan Pepiot,686752,TBR,Right hip inflammation,D60,44,RP,Injured 60-Day
L,Tampa Bay Rays,active,L,P,Shane McClanahan,663556,TBR,,A,18,RP,Active
R,Tampa Bay Rays,IL,L,P,Steven Matz,571927,TBR,Left ankle sprain,D15,32,RP,Injured 15-Day
R,Tampa Bay Rays,IL,R,P,Steven Wilson,621051,TBR,Lumbar disc inflammation,D60,24,RP,Injured 60-Day
S,Tampa Bay Rays,active,R,SS,Taylor Walls,670764,TBR,,A,6,SS,Active
R,Texas Rangers,active,R,1B,Jake Burger,669394,TEX,,A,21,1B,Active
L,Texas Rangers,active,R,2B,Josh Smith,669701,TEX,,A,8,2B,Active
R,Texas Rangers,active,R,2B,Justin Foscue,679822,TEX,,A,14,2B,Active
L,Texas Rangers,active,R,2B,Nicky Lopez,670032,TEX,,A,33,2B,Active
R,Texas Rangers,IL,R,3B,Cody Freeman,683227,TEX,Herniated disc,D10,39,3B,Injured 10-Day
R,Texas Rangers,active,R,3B,Josh Jung,673962,TEX,,A,6,3B,Active
R,Texas Rangers,IL,R,C,Danny Jansen,643376,TEX,Right forearm strain,D10,9,C,Injured 10-Day
R,Texas Rangers,active,R,C,Elias Díaz,553869,TEX,,A,35,C,Active
R,Texas Rangers,active,R,C,Kyle Higashioka,543309,TEX,,A,11,C,Active
L,Texas Rangers,active,L,DH,Joc Pederson,592626,TEX,,A,3,DH,Active
L,Texas Rangers,active,L,LF,Alejandro Osuna,696030,TEX,,A,19,OF,Active
L,Texas Rangers,active,R,RF,Brandon Nimmo,607043,TEX,,A,24,OF,Active
L,Texas Rangers,active,R,CF,Evan Carter,694497,TEX,,A,32,OF,Active
R,Texas Rangers,IL,R,CF,Michael Helman,680737,TEX,Right finger fracture,D60,23,OF,Injured 60-Day
R,Texas Rangers,IL,R,LF,Wyatt Langford,694671,TEX,Left hamstring strain.,D10,36,OF,Injured 10-Day
L,Texas Rangers,active,R,P,Ben Peoples,687239,TEX,,A,70,RP,Active
L,Texas Rangers,active,R,P,Cal Quantrill,615698,TEX,,A,44,RP,Active
R,Texas Rangers,IL,R,P,Carter Baumler,691945,TEX,Right intercostal strain.,D60,45,RP,Injured 60-Day
R,Texas Rangers,active,R,P,Chris Martin,455119,TEX,,A,31,RP,Active
L,Texas Rangers,IL,L,P,Cody Bradford,674003,TEX,Left elbow surgery rehab.,D60,61,RP,Injured 60-Day
R,Texas Rangers,active,R,P,Cole Winn,668390,TEX,,A,60,RP,Active
R,Texas Rangers,active,R,P,Gavin Collyer,686560,TEX,,A,65,RP,Active
R,Texas Rangers,IL,R,P,Jack Leiter,683004,TEX,Right ankle posterior impingement.,D15,22,RP,Injured 15-Day
R,Texas Rangers,active,L,P,Jacob Latz,656641,TEX,,A,67,RP,Active
L,Texas Rangers,active,R,P,Jacob deGrom,594798,TEX,,A,48,RP,Active
R,Texas Rangers,IL,R,P,Jakob Junis,596001,TEX,Left hip impingement.,D15,16,RP,Injured 15-Day
L,Texas Rangers,IL,L,P,Jalen Beeks,656222,TEX,Low back spasms.,D10,68,RP,Injured 10-Day
L,Texas Rangers,IL,L,P,Jordan Montgomery,656756,TEX,Recovering from Tommy John surgery,D60,52,RP,Injured 60-Day
R,Texas Rangers,active,R,P,Kumar Rocker,677958,TEX,,A,80,RP,Active
L,Texas Rangers,active,L,P,MacKenzie Gore,669022,TEX,,A,1,RP,Active
R,Texas Rangers,active,R,P,Nathan Eovaldi,543135,TEX,,A,17,RP,Active
R,Texas Rangers,active,R,P,Peyton Gray,682608,TEX,,A,75,RP,Active
L,Texas Rangers,active,L,P,Robby Ahlstrom,695239,TEX,,A,54,RP,Active
R,Texas Rangers,IL,L,P,Robert Garcia,676395,TEX,,D60,62,RP,Injured 60-Day
R,Texas Rangers,active,L,P,Tyler Alexander,641302,TEX,,A,13,RP,Active
R,Texas Rangers,active,R,SS,Cam Cauley,695508,TEX,,A,27,SS,Active
L,Texas Rangers,IL,R,SS,Corey Seager,608369,TEX,Lower back inflammation.,D10,5,SS,Injured 10-Day
R,Texas Rangers,active,R,SS,Ezequiel Duran,677649,TEX,,A,20,SS,Active
R,Toronto Blue Jays,active,R,1B,Vladimir Guerrero Jr.,665489,TOR,,A,27,1B,Active
R,Toronto Blue Jays,active,R,2B,Ernie Clement,676391,TOR,,A,22,2B,Active
R,Toronto Blue Jays,IL,R,2B,Lenyn Sosa,672820,TOR,Right wrist contusion.,D10,50,2B,Injured 10-Day
R,Toronto Blue Jays,active,R,2B,Luis Urías,649966,TOR,,A,48,2B,Active
R,Toronto Blue Jays,active,R,3B,Kazuma Okamoto,672960,TOR,,A,7,3B,Active
L,Toronto Blue Jays,active,R,3B,Sean Keys,815873,TOR,,A,20,3B,Active
R,Toronto Blue Jays,active,R,C,Alejandro Kirk,672386,TOR,,A,30,C,Active
S,Toronto Blue Jays,active,R,C,Brandon Valenzuela,678218,TOR,,A,59,C,Active
R,Toronto Blue Jays,active,R,DH,George Springer,543807,TOR,,A,4,DH,Active
L,Toronto Blue Jays,IL,R,RF,Addison Barger,680718,TOR,Right elbow inflammation.,D10,47,OF,Injured 10-Day
S,Toronto Blue Jays,IL,R,RF,Anthony Santander,623993,TOR,Left shoulder labral tear.,D60,25,OF,Injured 60-Day
L,Toronto Blue Jays,active,R,CF,Daulton Varsho,662139,TOR,,A,5,OF,Active
L,Toronto Blue Jays,IL,R,RF,Jesús Sánchez,660821,TOR,Right ankle sprain,D10,12,OF,Injured 10-Day
S,Toronto Blue Jays,active,R,LF,Jonatan Clase,682729,TOR,,A,8,OF,Active
R,Toronto Blue Jays,active,R,RF,Myles Straw,664702,TOR,,A,3,OF,Active
L,Toronto Blue Jays,active,R,RF,Nathan Lukes,664770,TOR,,A,38,OF,Active
L,Toronto Blue Jays,active,L,LF,Yohendrick Piñango,682818,TOR,,A,24,OF,Active
L,Toronto Blue Jays,active,L,P,Adam Macko,671936,TOR,,A,64,RP,Active
R,Toronto Blue Jays,IL,R,P,Bowden Francis,670102,TOR,Right elbow surgery.,D60,44,RP,Injured 60-Day
R,Toronto Blue Jays,IL,R,P,Cody Ponce,664074,TOR,Right knee ACL sprain.,D60,66,RP,Injured 60-Day
R,Toronto Blue Jays,active,R,P,Dylan Cease,656302,TOR,,A,84,RP,Active
R,Toronto Blue Jays,active,R,P,Jeff Hoffman,656546,TOR,,A,23,RP,Active
R,Toronto Blue Jays,IL,L,P,Joe Mantiply,573009,TOR,Left knee inflammation.,D60,35,RP,Injured 60-Day
R,Toronto Blue Jays,IL,R,P,José Berríos,621244,TOR,Right elbow stress fracture.,D60,17,RP,Injured 60-Day
L,Toronto Blue Jays,active,R,P,Kevin Gausman,592332,TOR,,A,34,RP,Active
L,Toronto Blue Jays,active,R,P,Louis Varland,686973,TOR,,A,77,RP,Active
R,Toronto Blue Jays,active,L,P,Mason Fluharty,689254,TOR,,A,68,RP,Active
R,Toronto Blue Jays,IL,R,P,Max Scherzer,453286,TOR,Back spasms.,D15,31,RP,Injured 15-Day
L,Toronto Blue Jays,active,L,P,Patrick Corbin,571578,TOR,,A,46,RP,Active
R,Toronto Blue Jays,active,R,P,Shane Bieber,669456,TOR,,A,57,RP,Active
L,Toronto Blue Jays,active,R,P,Spencer Miles,693686,TOR,,A,62,RP,Active
R,Toronto Blue Jays,active,R,P,Tommy Nance,667297,TOR,,A,45,RP,Active
R,Toronto Blue Jays,active,R,P,Trey Yesavage,702056,TOR,,A,39,RP,Active
R,Toronto Blue Jays,active,R,P,Tyler Rogers,643511,TOR,,A,71,RP,Active
R,Toronto Blue Jays,IL,R,P,Yimi García,554340,TOR,Right elbow ulnar nerve and AC joint surgery.,D60,93,RP,Injured 60-Day
L,Toronto Blue Jays,active,R,SS,Andrés Giménez,665926,TOR,,A,0,SS,Active
R,Washington Nationals,active,R,1B,Andrés Chaparro,665953,WSN,,A,87,1B,Active
L,Washington Nationals,active,R,1B,Luis García Jr.,671277,WSN,,A,2,1B,Active
S,Washington Nationals,active,R,2B,Nasim Nuñez,683083,WSN,,A,26,2B,Active
R,Washington Nationals,active,R,3B,Curtis Mead,678554,WSN,,A,45,3B,Active
L,Washington Nationals,active,R,3B,Jorbit Vivas,678391,WSN,,A,84,3B,Active
S,Washington Nationals,active,R,C,Drew Millas,686452,WSN,,A,14,C,Active
S,Washington Nationals,active,R,C,Keibert Ruiz,660688,WSN,,A,20,C,Active
L,Washington Nationals,active,R,DH,José Tena,677588,WSN,,A,8,DH,Active
L,Washington Nationals,active,R,LF,Daylen Lile,695734,WSN,,A,4,OF,Active
R,Washington Nationals,active,R,RF,Dylan Crews,686611,WSN,,A,3,OF,Active
R,Washington Nationals,active,R,CF,Jacob Young,696285,WSN,,A,30,OF,Active
L,Washington Nationals,active,R,RF,James Wood,695578,WSN,,A,29,OF,Active
L,Washington Nationals,active,L,P,Andrew Alvarez,674841,WSN,,A,54,RP,Active
R,Washington Nationals,active,R,P,Brad Lord,695418,WSN,,A,41,RP,Active
L,Washington Nationals,active,L,P,Carson Palmquist,687223,WSN,,A,51,RP,Active
R,Washington Nationals,active,R,P,Clayton Beeter,690925,WSN,,A,39,RP,Active
R,Washington Nationals,active,R,P,Cole Henry,669371,WSN,,A,99,RP,Active
R,Washington Nationals,IL,L,P,DJ Herz,687792,WSN,,D60,77,RP,Injured 60-Day
R,Washington Nationals,active,L,P,Foster Griffin,656492,WSN,,A,22,RP,Active
R,Washington Nationals,IL,R,P,Jake Irvin,663623,WSN,Right shoulder strain.,D15,27,RP,Injured 15-Day
R,Washington Nationals,IL,R,P,Josiah Gray,680686,WSN,Right flexor strain.,D60,40,RP,Injured 60-Day
R,Washington Nationals,active,R,P,Justin Lawrence,664875,WSN,,A,44,RP,Active
L,Washington Nationals,IL,L,P,Ken Waldichuk,686610,WSN,Left forearm tightness.,D60,52,RP,Injured 60-Day
R,Washington Nationals,IL,R,P,Max Kranick,668820,WSN,Right elbow surgery recovery.,D60,35,RP,Injured 60-Day
R,Washington Nationals,active,R,P,Miles Mikolas,571945,WSN,,A,36,RP,Active
L,Washington Nationals,IL,L,P,Mitchell Parker,680730,WSN,Left elbow inflammation.,D60,70,RP,Injured 60-Day
R,Washington Nationals,active,R,P,Orlando Ribalta,687377,WSN,,A,64,RP,Active
R,Washington Nationals,active,L,P,PJ Poulin,676571,WSN,,A,50,RP,Active
L,Washington Nationals,IL,L,P,Richard Lovelady,663992,WSN,Left triceps strain.,D15,55,RP,Injured 15-Day
R,Washington Nationals,active,R,P,Riley Cornelio,683000,WSN,,A,74,RP,Active
R,Washington Nationals,IL,R,P,Trevor Williams,592866,WSN,,D60,32,RP,Injured 60-Day
R,Washington Nationals,active,R,P,Zack Littell,641793,WSN,,A,18,RP,Active
L,Washington Nationals,active,R,SS,CJ Abrams,682928,WSN,,A,5,SS,Active
