ERA,FIP,HR9,OPS,xFIP,K_pct,stale,BB_pct,F5_ERA,avg_IP,starts,away_ERA,home_ERA,OOR_faced,wRC_faced,PALS_faced,l14_starts,pitcher_id,ABQ_allowed,OBR_allowed,OSI_allowed,RCV_allowed,avg_pitches,data_source,low_osi_ERA,high_osi_ERA,pitcher_hand,pitcher_name,pitcher_team,staleness_warning
12.27,7.74,2.45,,7.05,5.3,FALSE,10.5,14.4,3.67,1,12.27,,28.4,85.1,29.2,0,434378,54.4,19.8,31.9,29.6,80,season,12.27,,R,Justin Verlander,DET,Fewer than 2 L14 starts (0) -- using season data.
10.23,8.78,3.68,,6.25,13.7,FALSE,10.8,8.7,3.67,6,3,12.94,41,100.4,45.6,0,453286,47.9,43,45.6,46.8,70.8,season,7.64,9,R,Max Scherzer,TOR,Fewer than 2 L14 starts (0) -- using season data.
5.27,5.35,1.32,,5.89,11,FALSE,9.4,5.2,4.56,9,6.75,4.03,47.4,100.7,45,0,500779,40.3,39,41.6,45.4,76.3,season,5.06,7.2,R,Jose Quintana,COL,Fewer than 2 L14 starts (0) -- using season data.
5.71,5.82,1.78,,5.36,13.1,FALSE,9.3,6.37,5.82,13,4.31,8.13,49.2,102.7,51.1,0,518876,45.9,45.9,49.7,56.7,92.3,season,3.35,12.46,R,Merrill Kelly,ARI,Fewer than 2 L14 starts (0) -- using season data.
2.14,2.71,0.64,,3.06,28.9,FALSE,6.1,2.44,6,14,3.16,1.09,44.7,100.2,51.9,0,519242,46.7,42.2,45.4,48.1,96.4,season,2.83,1.38,R,Chris Sale,ATL,Fewer than 2 L14 starts (0) -- using season data.
3.62,4.25,1.39,,4.41,21.3,FALSE,6.6,3.3,5.39,6,4.2,3.12,45.1,98.1,44.2,0,543037,52.1,36.7,44.6,48.3,82.7,season,5.03,,R,Gerrit Cole,NYY,Fewer than 2 L14 starts (0) -- using season data.
4.24,4.4,1.64,,3.39,23.7,FALSE,5.7,4.68,6.22,15,4.11,4.5,49,102.2,53.4,0,543135,40.5,45,48,56.7,91.9,season,4.17,0.6,R,Nathan Eovaldi,TEX,Fewer than 2 L14 starts (0) -- using season data.
2.95,3.81,1.06,,3.69,21.1,FALSE,6.4,3.34,5.45,14,3.29,2.61,44.7,99.3,51.7,0,543243,42.9,41,43.4,46.4,81,season,2.36,4.26,R,Sonny Gray,BOS,Fewer than 2 L14 starts (0) -- using season data.
7.2,4.8,1.56,,4.35,18,FALSE,7.2,7.09,4.69,16,6.21,8.2,49.8,100.5,47.7,0,547179,39.6,40.6,41.9,44.9,86.8,season,8.88,3,R,Michael Lorenzen,COL,Fewer than 2 L14 starts (0) -- using season data.
2.11,3.48,1.05,,3.27,26.6,FALSE,6.9,1.64,6.21,11,2.17,2.03,43.3,99.5,49.7,0,554430,45.9,38.9,44.3,49.4,95.5,season,1.65,6,R,Zack Wheeler,PHI,Fewer than 2 L14 starts (0) -- using season data.
5.02,2.35,0.63,,2.7,28.9,FALSE,8.3,5.1,4.78,6,5.19,4.95,40,92.9,48.5,0,571510,38.6,33.7,39.6,47,84.3,season,3.6,,R,Matthew Boyd,CHC,Fewer than 2 L14 starts (0) -- using season data.
4.73,4.56,1.11,,4.71,16.2,FALSE,7.9,4.24,4.62,14,3.92,5.96,53.6,105.9,54.7,0,571578,49.1,51.2,53.2,58.5,80.2,season,5.6,6.35,R,Patrick Corbin,TOR,Fewer than 2 L14 starts (0) -- using season data.
5.48,5.39,1.76,,4.55,19,FALSE,8.7,5.4,4.6,10,5.13,5.95,56.4,102.4,56.4,0,571927,43.8,53,54.2,62.8,78.3,season,6.11,3.6,R,Steven Matz,TBR,Fewer than 2 L14 starts (0) -- using season data.
8.28,5.31,2.52,,4.58,16.1,FALSE,8.5,8.1,4.17,6,5.84,10.66,67.2,103.8,51.1,0,571945,52.1,66.9,60.6,59.5,77.2,season,4.91,14.46,R,Miles Mikolas,WSN,Fewer than 2 L14 starts (0) -- using season data.
54,3.51,27,,3.13,0,FALSE,0,9,0.33,1,54,,62.5,96.7,70.4,0,572143,66.4,53.9,57.8,56.2,11,season,,,R,Burch Smith,DET,Fewer than 2 L14 starts (0) -- using season data.
5.81,3.68,0.87,,4.26,23.2,FALSE,9.9,6.17,4.43,7,7.2,3.27,59,101.5,60.9,0,579328,46.3,56.6,55.9,62,81,season,3.52,9.35,R,Yusei Kikuchi,LAA,Fewer than 2 L14 starts (0) -- using season data.
4.36,3.42,1.33,,3.62,23.6,FALSE,5.6,4.55,5.59,17,5.4,3.7,50.3,104.3,50.2,0,592332,52.2,49.1,51.5,53.7,92.2,season,3.96,6.28,R,Kevin Gausman,TOR,Fewer than 2 L14 starts (0) -- using season data.
3.98,4.79,1.55,,4.71,21,FALSE,11.7,4.68,5.42,15,5.35,2.93,54.8,101.2,53.5,0,592662,48.9,52.9,53,55.9,95.5,season,4.42,3,R,Robbie Ray,SFG,Fewer than 2 L14 starts (0) -- using season data.
5.19,6.31,2.66,,4.7,20.6,FALSE,8,5.26,5.21,13,6.21,4.19,51.6,102.6,50.6,0,592791,43.8,47.8,50,57,86.8,season,3.35,7.2,R,Jameson Taillon,CHC,Fewer than 2 L14 starts (0) -- using season data.
9.16,7.78,2.89,,5.5,17,FALSE,10.6,9,4.67,4,7.2,9.88,38.4,96.2,46.6,0,592836,43.4,36.3,39.3,39.8,90,season,8.36,,R,Taijuan Walker,PHI,Fewer than 2 L14 starts (0) -- using season data.
2.27,4.06,0.85,,4.43,18,FALSE,9.8,2.48,5.94,16,2.83,1.84,54.1,103.2,52.9,0,593958,47,55.2,53.5,56.1,94.2,season,1.64,0.82,R,Eduardo Rodriguez,ARI,Fewer than 2 L14 starts (0) -- using season data.
0,4.29,0,,4.62,30,FALSE,0,7.8,1,3,0,0,49.4,103.1,47.7,0,593974,45.3,47.7,49.4,54.3,11.7,season,0,,R,Wandy Peralta,SDP,Fewer than 2 L14 starts (0) -- using season data.
3.55,3.59,1.52,,3.18,29.9,FALSE,5.6,3.6,5.54,16,4.6,2.38,52.1,104.5,53.3,0,594798,43.1,48.7,49.8,55.7,89.3,season,4.31,2.84,R,Jacob deGrom,TEX,Fewer than 2 L14 starts (0) -- using season data.
13.5,3.26,0,,4.47,16.7,FALSE,16.7,14.4,0.67,1,,13.5,100,124.1,70.9,0,595345,68,93.1,82.2,79.8,20,season,,13.5,R,Steven Okert,HOU,Fewer than 2 L14 starts (0) -- using season data.
3.38,2.92,0,,4.17,20,FALSE,0,1.8,2.67,1,,3.38,28.4,85.1,29.2,0,596001,50.4,18.3,29.5,27.4,31,season,3.38,,R,Jakob Junis,TEX,Fewer than 2 L14 starts (0) -- using season data.
4.5,1.23,0,,3.19,36.4,FALSE,9.1,5.4,4,4,3.6,4.91,38.7,103.3,46,0,601713,45.5,42.2,47.1,53.7,70.8,season,4.91,,R,Nick Pivetta,SDP,Fewer than 2 L14 starts (0) -- using season data.
5.67,4.77,1.17,,4.98,12.4,FALSE,9.6,5.76,4.6,10,8.14,2.91,41.4,99.6,53,0,605135,48.2,35.9,44.1,50.4,82.7,season,3.74,,R,Chris Bassitt,BAL,Fewer than 2 L14 starts (0) -- using season data.
2.39,3.22,0.51,,3.67,20.9,FALSE,8.4,2.4,5.85,9,2.1,2.78,57.9,104.8,56.1,0,605280,46.2,48.7,53.5,64.1,92,season,1.4,5.79,R,Clay Holmes,NYM,Fewer than 2 L14 starts (0) -- using season data.
5.73,5.33,1.64,,4.85,15.8,FALSE,8.3,5.79,4.71,14,5.05,6.84,50.6,100.5,60,0,605288,44.8,48.5,50.5,56.9,79.5,season,6.75,3.18,R,Adrian Houser,SFG,Fewer than 2 L14 starts (0) -- using season data.
5.58,4.85,1.9,,3.96,23.2,FALSE,7.6,5.51,5.04,16,5.4,5.82,47.9,99.4,52.6,0,605400,44.3,48.1,47.3,48.4,89.5,season,4.36,7.71,R,Aaron Nola,PHI,Fewer than 2 L14 starts (0) -- using season data.
12,1.77,0,,2.27,27.8,FALSE,11.1,10.8,3,1,,12,48.3,102.8,45.5,0,605483,40.8,43.3,47.4,56.8,77,season,12,,R,Blake Snell,LAD,Fewer than 2 L14 starts (0) -- using season data.
5.52,5.72,2.25,,4.55,20.6,FALSE,7.7,6.67,5.18,17,4.38,6.43,45.8,102.1,52.8,0,605488,47.8,46.3,50.3,56.8,87.7,season,4.85,3.38,R,Jeffrey Springs,ATH,Fewer than 2 L14 starts (0) -- using season data.
3,3.27,1,,4.03,25,FALSE,5,3.6,5.14,7,2.89,3.12,43.9,96.2,46.6,0,605540,50,39,42.8,41.8,70.6,season,2.88,,R,Brandon Woodruff,MIL,Fewer than 2 L14 starts (0) -- using season data.
4.91,4.83,1.3,,4.71,16.1,FALSE,8.8,5.1,5.19,12,8.23,2.31,46.8,101.5,48.9,0,607067,46.7,44.8,47.2,50.2,86.8,season,4.12,16.2,R,Colin Rea,CHC,Fewer than 2 L14 starts (0) -- using season data.
2.72,3.25,1.13,,2.9,33.1,FALSE,8.8,3.09,5.67,7,1.64,4.08,35,98.3,47.5,0,607192,44.1,32.6,39.8,45.1,85.6,season,2.67,,R,Tyler Glasnow,LAD,Fewer than 2 L14 starts (0) -- using season data.
4.35,5.53,2.29,,5.01,14.9,FALSE,8.3,4.27,4.92,8,4.07,4.8,50.2,101.1,53,0,607200,48.1,44.8,51,60.1,81.4,season,4.86,12,R,Erick Fedde,CHW,Fewer than 2 L14 starts (0) -- using season data.
2.73,3.68,0.81,,4.47,15.1,FALSE,4.7,2.4,5.93,15,2.18,3.21,50.8,101.5,54.7,0,607259,48.1,48.1,50.1,53.8,82.8,season,2.54,2.81,R,Nick Martinez,TBR,Fewer than 2 L14 starts (0) -- using season data.
7.5,5.21,2,,4.53,18.3,FALSE,5.1,7.46,5.14,14,8.31,6.75,44.5,100.4,49.7,0,607536,39.5,36.1,39.4,43,85.9,season,7.38,18,R,Kyle Freeland,COL,Fewer than 2 L14 starts (0) -- using season data.
4.18,3.64,1,,4.43,18.1,FALSE,7.9,4.61,5.65,16,4.73,3.75,46.7,102.2,44.3,0,607625,45.8,44,48.4,55.2,89.4,season,4.5,,R,Seth Lugo,KCR,Fewer than 2 L14 starts (0) -- using season data.
3.21,2.71,0.15,,3.88,20.8,FALSE,7.9,3.24,6.17,10,2.23,5.71,42.2,102.7,48.8,0,608331,46.5,38.7,44.5,49.7,91.7,season,2.09,,R,Max Fried,NYY,Fewer than 2 L14 starts (0) -- using season data.
4.35,6.07,1.31,,6.33,14.7,FALSE,18.9,3.6,4.13,5,6.94,1,52.2,99,49.5,0,608337,43.2,49.6,51.2,58.8,80,season,4.15,,R,Lucas Giolito,SDP,Fewer than 2 L14 starts (0) -- using season data.
3.48,3.84,0.89,,4.26,18.8,FALSE,7.1,3.6,6.31,16,4.02,2.85,50.7,101.7,51.9,0,608379,45.8,47,50.2,56.8,91.5,season,2.6,2.77,R,Michael Wacha,KCR,Fewer than 2 L14 starts (0) -- using season data.
7.36,3.72,2.45,,3.47,16.7,FALSE,16.7,9,1.83,2,7.36,,52.9,102.7,59.8,0,608718,45.2,51.1,51.7,57,43,season,10.8,4.5,R,Brent Suter,LAA,Fewer than 2 L14 starts (0) -- using season data.
4.5,4.83,4.5,,5.36,11.1,FALSE,0,10.8,2,1,4.5,,26.7,97.3,47.4,0,615698,46.3,19.8,34.3,42.3,34,season,4.5,,R,Cal Quantrill,TEX,Fewer than 2 L14 starts (0) -- using season data.
2.45,4.47,2.45,,1.74,41.2,FALSE,11.8,5.4,3.67,1,,2.45,35.5,100.2,42.6,0,621107,39.6,39.2,40.8,43.6,74,season,2.45,,R,Zach Eflin,BAL,Fewer than 2 L14 starts (0) -- using season data.
3.96,3.28,0.62,,3.64,21.1,FALSE,7.5,3.36,4.84,15,4.78,3.32,41.1,100.5,45.4,0,621111,44.5,45.2,46.8,50.2,81.5,season,4.15,3.86,R,Walker Buehler,SDP,Fewer than 2 L14 starts (0) -- using season data.
0,3.89,0,,4.18,0,FALSE,40,3.6,1,1,,0,35.5,100.2,42.6,0,621112,36.6,36.2,37.7,40.3,24,season,0,,R,Paul Blackburn,NYY,Fewer than 2 L14 starts (0) -- using season data.
6.86,5.06,1.6,,4.15,25,FALSE,12.8,7.88,4.92,8,7.53,6.48,58.5,107,51.4,0,621121,45.9,55.1,55,61.3,87,season,4.86,12.91,R,Lance McCullers Jr.,HOU,Fewer than 2 L14 starts (0) -- using season data.
9,3.68,0,,4.43,33.3,FALSE,33.3,9,1,1,9,,62.6,110,68.9,0,621383,70.8,64.5,60.4,48.2,28,season,,,R,Tanner Banks,PHI,Fewer than 2 L14 starts (0) -- using season data.
5.16,4.08,1.37,,4.29,21.7,FALSE,7.9,6.15,4.94,12,4.85,5.75,52.6,101.3,56.1,0,622491,41.7,46.2,51.3,63.9,92.1,season,5.7,0,R,Luis Castillo,SEA,Fewer than 2 L14 starts (0) -- using season data.
4.16,4.47,1.29,,4.13,24,FALSE,11.4,5.4,5.22,12,3.38,5.33,49.6,102.5,58.2,0,622663,43.5,47.3,51.3,61.4,90.5,season,4.38,3,R,Luis Severino,ATH,Fewer than 2 L14 starts (0) -- using season data.
1.23,3.67,0,,3.31,40,FALSE,13.3,2.7,3.67,2,3.38,0,32.9,98.8,43.6,0,623454,44.6,31.5,40,46.3,61,season,1.23,,R,Drew Anderson,DET,Fewer than 2 L14 starts (0) -- using season data.
3,3,0,,3.82,25,FALSE,8.3,3,1,3,4.5,0,37.1,87.8,65.7,0,623474,34.6,35.3,38.4,44.7,16,season,3,,R,Jimmy Herget,COL,Fewer than 2 L14 starts (0) -- using season data.
2.83,2.68,0.44,,3.5,24.9,FALSE,7.4,3.24,5.51,15,2.12,3.75,44,101.2,52,0,624133,41.8,40.8,43.9,48.9,86.5,season,2.93,4.09,R,Ranger Suarez,BOS,Fewer than 2 L14 starts (0) -- using season data.
4.4,3.68,0.63,,3.99,23.4,FALSE,4.7,5.4,4.78,3,3.38,5,53.7,102,51.7,0,640455,44.8,52.4,50.9,53.4,88.3,season,3.18,9,R,Sean Manaea,NYM,Fewer than 2 L14 starts (0) -- using season data.
0,3.41,0,,4.04,28.6,FALSE,0,0.9,1,2,0,,15.6,96.8,41,0,641302,42.2,28.2,31.3,27.1,15.5,season,0,,R,Tyler Alexander,TEX,Fewer than 2 L14 starts (0) -- using season data.
4.28,5.05,1.3,,4.81,19.8,FALSE,8.6,5.01,4.95,14,6.4,2.43,50.5,101.8,50.9,0,641743,50.9,48.1,52.5,58.6,91.1,season,5.21,6,R,Anthony Kay,CHW,Fewer than 2 L14 starts (0) -- using season data.
6.31,6.52,2.98,,5.33,13.9,FALSE,7.4,7.04,4.67,11,5.27,6.69,48.8,99.1,49.2,0,641793,50.3,47.2,50.9,55.5,77.1,season,8.04,,R,Zack Littell,WSN,Fewer than 2 L14 starts (0) -- using season data.
5.49,4.69,1.59,,4.1,22.8,FALSE,9.7,5.1,5.19,12,8.88,3.32,50.8,99.9,48.8,0,641816,48.7,49.1,50.9,54.6,86.3,season,6.94,1.64,R,Tyler Mahle,SFG,Fewer than 2 L14 starts (0) -- using season data.
3,3.28,0,,2.9,26.7,FALSE,6.7,3.6,1.5,2,9,0,56.1,102.8,64.3,0,641835,45.7,37.6,49.6,66,28.5,season,0,,R,Tim Mayza,PHI,Fewer than 2 L14 starts (0) -- using season data.
4.59,4.96,1.62,,4.93,16.4,FALSE,6.4,4.65,5.56,12,7.66,2.79,44.7,99.6,49.8,0,641927,53.3,41.2,45.5,44.9,86,season,3,,R,Bailey Ober,MIN,Fewer than 2 L14 starts (0) -- using season data.
0,3.8,0,,4.14,11.1,FALSE,11.1,0,2,1,0,,67.1,99.5,55.1,0,642121,33.1,56.7,57.2,75.1,36,season,,,R,Cole Sulser,TBR,Fewer than 2 L14 starts (0) -- using season data.
4.53,4.32,1.18,,4.08,22,FALSE,8.8,4.76,5.37,17,5.4,4.07,48.4,102.2,49.7,0,642547,46.2,47.4,48.7,51.8,94.5,season,5.21,3.31,R,Freddy Peralta,NYM,Fewer than 2 L14 starts (0) -- using season data.
2.4,4.47,1.2,,3.72,23.6,FALSE,7.1,3.6,4.09,11,1.29,3.38,45.9,100.4,55.7,0,643377,46.4,39.4,47.4,57.4,59.5,season,2.81,,R,Griffin Jax,TBR,Fewer than 2 L14 starts (0) -- using season data.
4.01,3.95,0.98,,4.16,17.6,FALSE,5.9,4.24,6.47,17,4.97,3.19,51.2,103.2,53.9,0,645261,51.8,49.2,52.1,55.7,97.2,season,4.18,3,R,Sandy Alcantara,MIA,Fewer than 2 L14 starts (0) -- using season data.
4.5,3.1,0,,4.73,11.1,FALSE,0,1.8,2,1,,4.5,28.4,85.1,29.2,0,647315,50.8,18.5,29.8,27.7,37,season,4.5,,R,Zach Pop,PHI,Fewer than 2 L14 starts (0) -- using season data.
3.07,2.93,0.66,,3.59,23.7,FALSE,5.1,3.6,5.47,15,4.54,2.05,47.8,102.5,52.3,0,647336,46.3,48,49.4,53.3,86,season,2.18,6,R,Michael Soroka,ARI,Fewer than 2 L14 starts (0) -- using season data.
3.33,4.16,0.98,,4.27,20.8,FALSE,9.3,2.25,5.75,16,3.96,2.87,54.1,101.2,48.2,0,650633,48.8,51.9,53.3,58.2,92.1,season,2.66,0,R,Michael King,SDP,Fewer than 2 L14 starts (0) -- using season data.
4.88,5.34,1.87,,5.12,16.2,FALSE,6.7,4.71,4.82,13,3.34,6.83,50.1,103.4,49.6,0,650644,45.4,47.5,53.1,64.9,83.1,season,4.95,1.8,R,Aaron Civale,ATH,Fewer than 2 L14 starts (0) -- using season data.
7.17,5.42,1.91,,4.49,23.9,FALSE,13.5,6.52,4.71,8,12.34,4.85,62.9,104.1,60.5,0,656288,51,61.5,60,64.8,80.6,season,3.09,5.4,R,Griffin Canning,SDP,Fewer than 2 L14 starts (0) -- using season data.
2.75,2.38,0.57,,2.6,36.2,FALSE,10.7,2.83,5.62,14,3.34,2.33,48.7,102.9,51.2,0,656302,44.9,46.1,49,55.3,99.4,season,2.18,5.4,R,Dylan Cease,TOR,Fewer than 2 L14 starts (0) -- using season data.
5.35,4.09,1.1,,4.56,25.5,FALSE,11.1,5.52,4.38,15,5.04,5.6,41.6,97.4,45.7,0,656427,46.6,39.4,43.5,45.9,85.9,season,5.59,,R,Jack Flaherty,DET,Fewer than 2 L14 starts (0) -- using season data.
13.5,11.83,0,,7.59,25,FALSE,0,12.6,0.67,1,13.5,,30.4,94.8,52.1,0,656457,32.1,31,35.9,44.1,17,season,13.5,,R,Tyler Gilbert,CHW,Fewer than 2 L14 starts (0) -- using season data.
3.15,4.42,1.58,,3.65,23.8,FALSE,6.1,3.82,5.71,16,3.18,3.12,50.6,100.1,53.8,0,656492,49.3,49,51,54.5,92.3,season,4.13,1.8,R,Foster Griffin,WSN,Fewer than 2 L14 starts (0) -- using season data.
4.17,5.41,1.72,,4.62,20.2,FALSE,11.5,4.8,4.89,15,4.08,4.26,41,95.8,51.2,0,656550,43.3,37.4,41.6,45.3,80.7,season,3.88,4.5,R,Grant Holmes,ATL,Fewer than 2 L14 starts (0) -- using season data.
4.89,4.16,0.92,,4.46,18.2,FALSE,8.4,5.18,5.52,16,3.96,5.62,50.2,101.6,50.5,0,656605,51.3,49.5,51.6,54.3,89.1,season,3.48,11.25,R,Mitch Keller,PIT,Fewer than 2 L14 starts (0) -- using season data.
0,2.4,0,,3.31,21.4,FALSE,7.1,0,4,1,0,,30.4,94.8,52.1,0,656641,32.1,31,35.9,44.1,68,season,0,,R,Jacob Latz,TEX,Fewer than 2 L14 starts (0) -- using season data.
0,2.52,0,,3.4,44.4,FALSE,0,1.8,3,1,0,,45.9,97.7,33.9,0,656794,42.2,32.4,41.7,51.8,42,season,0,,R,Sean Newcomb,CHW,Fewer than 2 L14 starts (0) -- using season data.
7.71,3.85,0.48,,4.05,20.7,FALSE,11.4,8.1,4.67,8,6.87,8.53,58.4,101.3,58.5,0,656849,48.4,51.1,53.1,58.8,81.1,season,9.82,7.2,R,David Peterson,NYM,Fewer than 2 L14 starts (0) -- using season data.
2.62,2.99,0.94,,2.9,26.8,FALSE,4.5,3.24,5.73,15,2.36,2.9,49.9,103.7,57.4,0,656876,51,46.2,50.8,55.8,87.1,season,3.35,0.45,R,Drew Rasmussen,TBR,Fewer than 2 L14 starts (0) -- using season data.
3.35,3.07,0.54,,3.51,20.8,FALSE,5.9,4.43,6.41,13,2.84,3.92,54.6,101.3,61.8,0,657277,48,54.7,53.5,56,93.8,season,3.47,4.05,R,Logan Webb,SFG,Fewer than 2 L14 starts (0) -- using season data.
20.25,3.55,6.75,,4.1,10,FALSE,20,9,0.67,2,,20.25,39.3,98.8,48.8,0,657514,26.6,27.1,30.4,36.8,22,season,20.25,,R,Brennan Bernardino,COL,Fewer than 2 L14 starts (0) -- using season data.
3.18,2.81,0.87,,3.39,28.5,FALSE,5,3.6,5.49,17,3.15,3.21,52.9,101.4,52.8,0,657746,49.8,48.6,51.3,55.3,89.9,season,2.53,6,R,Joe Ryan,MIN,Fewer than 2 L14 starts (0) -- using season data.
1.58,2.56,0.34,,3.31,27.5,FALSE,7.7,2.08,6.13,13,1.48,1.7,36.2,99.5,45.9,0,660271,47.2,33.1,41.9,48,94.2,season,1.21,,R,Shohei Ohtani,LAD,Fewer than 2 L14 starts (0) -- using season data.
6.05,8.38,2.79,,6.35,10.6,FALSE,12.9,6.3,4.83,4,5.65,7.2,30.7,98.3,38,0,661563,45.6,27.7,36,38.6,84.2,season,6.05,,R,Luis Gil,NYY,Fewer than 2 L14 starts (0) -- using season data.
9.88,5.16,1.98,,4.49,11.6,FALSE,7.2,10.2,4.56,3,12.46,5.4,38.6,101.4,43.8,0,663362,43.1,48.8,45.4,43.1,82,season,12.46,5.4,R,Matt Waldron,SDP,Fewer than 2 L14 starts (0) -- using season data.
4.79,4.89,1.34,,4.58,17.7,FALSE,10.1,4.86,4.7,10,6.17,4.33,52.6,102,57.8,0,663372,42,40.1,41.2,41.9,74.2,season,4.78,6.14,R,Ryan Feltner,COL,Fewer than 2 L14 starts (0) -- using season data.
3.18,2.93,0.62,,3.39,24.3,FALSE,6.4,3.6,5.84,15,4.67,1.01,47.1,102.2,48.3,0,663436,46,41,48.9,59.9,90.9,season,1.84,9.64,R,Davis Martin,CHW,Fewer than 2 L14 starts (0) -- using season data.
4.11,3.72,0.72,,4.14,24.6,FALSE,12.6,4.4,5.59,9,5.23,3.34,56.3,103.7,49.5,0,663460,44.2,50.7,54.5,66.1,90.1,season,4.67,,R,Kris Bubic,KCR,Fewer than 2 L14 starts (0) -- using season data.
1.5,3.08,1.5,,4.18,23.8,FALSE,4.8,5.04,1.2,5,0,3,72.4,108.4,71.7,0,663542,53.9,64.3,66.2,77.1,15.4,season,0,3.37,R,Bryan Hudson,CHW,Fewer than 2 L14 starts (0) -- using season data.
2.95,2.77,0.62,,3.76,25.1,FALSE,6.1,2.62,5.27,11,4.12,2.12,39.9,99.7,49,0,663554,46,35.7,42.6,47.9,80,season,1.93,6.35,R,Casey Mize,DET,Fewer than 2 L14 starts (0) -- using season data.
3.3,3.4,0.73,,3.89,23.4,FALSE,9,3.84,4.91,15,4.38,2.21,53.5,105.3,58.8,0,663556,49.4,48.7,53.6,62.3,79.1,season,2.64,4.7,R,Shane McClanahan,TBR,Fewer than 2 L14 starts (0) -- using season data.
18.69,9.1,6.23,,5.89,7.1,FALSE,10.7,10.8,2.17,2,,18.69,47.8,97.5,57.1,0,663559,42.9,51.7,47.6,46.1,42,season,9,27,R,Bailey Falter,KCR,Fewer than 2 L14 starts (0) -- using season data.
3.28,4.01,0.92,,4.44,22.5,FALSE,9.8,3.45,5.72,12,3.08,3.4,53.3,105.2,51,0,663567,48.8,48.1,51.1,56.2,94.1,season,3.16,2.25,R,Peter Lambert,HOU,Fewer than 2 L14 starts (0) -- using season data.
4.15,4.54,1.38,,4.04,16,FALSE,5.2,6,5.78,9,4.3,4.03,48.4,100.7,45,0,663568,44.5,47.7,48.8,53.1,87.3,season,2.29,,R,Stephen Kolek,KCR,Fewer than 2 L14 starts (0) -- using season data.
5.23,4.24,1.22,,4.19,25.4,FALSE,9.6,5.73,4.7,11,3.77,7.04,62.9,105.1,54.5,0,663623,51.7,62.8,59.2,60.4,86.3,season,5.29,8,R,Jake Irvin,WSN,Fewer than 2 L14 starts (0) -- using season data.
4.81,5.75,2.1,,4.58,17.9,FALSE,7.6,6.24,4.87,15,6.32,3.25,48.2,100.4,50.4,0,663903,44.8,42.3,45.7,50.1,86.3,season,5.02,6,R,Brady Singer,CIN,Fewer than 2 L14 starts (0) -- using season data.
0,3.63,0,,3.35,25,FALSE,0,0,0.83,2,,0,26.8,91.9,37.4,0,663947,40.7,30.3,32,27.7,19.5,season,0,,R,Tyler Holton,DET,Fewer than 2 L14 starts (0) -- using season data.
4.94,4.35,1.52,,4.55,19,FALSE,11,4.68,4.73,5,11,1.23,35.9,91.9,35.9,0,663969,43.1,37.2,40.6,42.6,73.8,season,4.94,,R,Tyler Phillips,MIA,Fewer than 2 L14 starts (0) -- using season data.
3.86,1.82,0,,3.74,30,FALSE,10,3.6,2.33,1,,3.86,4.6,96.4,34.7,0,664074,39,37.2,28.9,12.1,47,season,3.86,,R,Cody Ponce,TOR,Fewer than 2 L14 starts (0) -- using season data.
27,5.44,9,,4.49,14.3,FALSE,14.3,7.2,1,1,27,,77.6,111.5,82.1,0,664126,39.9,76.8,67.1,75.3,27,season,,27,R,Pete Fairbanks,MIA,Fewer than 2 L14 starts (0) -- using season data.
3.91,4.14,0.9,,4.22,19.2,FALSE,8.7,4.27,5.6,16,3.59,4.38,48.6,98.7,49.8,0,664285,43.1,46.6,47.9,52.7,89.6,season,3.75,1.5,R,Framber Valdez,DET,Fewer than 2 L14 starts (0) -- using season data.
12.54,8.57,1.93,,8.18,8.3,FALSE,18.8,14.4,3.11,3,13.5,11.57,29.5,99.6,41.5,0,664299,34.8,34.2,38.5,46,58.7,season,11.12,,R,Cristian Javier,HOU,Fewer than 2 L14 starts (0) -- using season data.
4.09,5.47,3.27,,2.37,37.2,FALSE,4.7,6.3,5.5,2,4.5,3.6,28.3,89.5,33.4,0,665152,53,22.8,34.4,34.4,87.5,season,4.09,,R,Dean Kremer,BAL,Fewer than 2 L14 starts (0) -- using season data.
0,3.78,0,,4.08,20,FALSE,0,0,1.33,1,0,,37.1,87.8,65.7,0,665622,38.1,38.9,42.3,49.2,18,season,0,,R,Luis Medina,ATH,Fewer than 2 L14 starts (0) -- using season data.
5.1,5.07,1.74,,4.06,21,FALSE,9.4,5.53,5.17,14,4.31,5.71,39.1,97.4,46.3,0,665795,40.2,41.3,42.1,44.3,85.9,season,5.13,,R,Edward Cabrera,CHC,Fewer than 2 L14 starts (0) -- using season data.
4.18,4.73,1.95,,4.44,15.5,FALSE,5.4,4.5,5.39,6,5.14,2.38,33.1,97,37.5,0,665871,45.4,35,39.7,41,84,season,4.18,,R,Javier Assad,CHC,Fewer than 2 L14 starts (0) -- using season data.
14.54,6.33,0,,8.4,17.9,FALSE,28.6,8.1,2.17,2,33.75,6,51.4,105.4,47.4,0,666129,41.1,46.1,51.7,65.5,64.5,season,6,,R,Braxton Garrett,MIA,Fewer than 2 L14 starts (0) -- using season data.
4.84,6.19,2.55,,4.37,29.8,FALSE,15.2,5.18,4.42,8,7.97,0.6,44.5,102.1,43.3,0,666142,42,39.7,46.4,57,79.9,season,4.32,14.54,R,Cole Ragans,KCR,Fewer than 2 L14 starts (0) -- using season data.
5.59,5.37,1.54,,4.81,18,FALSE,8.5,4.8,5.19,9,4.32,6.3,47.7,98.1,48.1,0,666157,43.7,41.4,43.9,47,90.7,season,5.35,,R,Nick Lodolo,CIN,Fewer than 2 L14 starts (0) -- using season data.
10.8,3.71,5.4,,4.05,28.6,FALSE,0,9,1.67,1,10.8,,42.7,89.6,27.9,0,667463,40.8,45,43.8,44.5,30,season,10.8,,R,John King,MIA,Fewer than 2 L14 starts (0) -- using season data.
6.1,4.97,1.47,,4.71,14.3,FALSE,6.9,6.64,4.98,16,6.98,5.27,49.7,102.8,49.6,0,668678,47.4,49.2,50.6,54.5,85.4,season,4.26,9.95,R,Zac Gallen,ARI,Fewer than 2 L14 starts (0) -- using season data.
3.82,3.85,1.4,,3.21,28.5,FALSE,8,4.16,6.04,16,4.82,2.64,60.3,104.5,60.4,0,668909,52.2,56.4,56.9,61,94.5,season,3.03,3.12,R,Gavin Williams,CLE,Fewer than 2 L14 starts (0) -- using season data.
15.43,5.2,1.93,,4.61,12.5,FALSE,20.8,6.6,1.56,3,15.43,,56,97.4,50.2,0,668964,49.9,55.9,50.6,44.9,30.3,season,27,0,R,Tobias Myers,NYM,Fewer than 2 L14 starts (0) -- using season data.
0,3.78,0,,3.72,0,FALSE,0,5.4,1.33,1,0,,39.8,105,51.6,0,669020,45.1,23.9,43.8,65.7,11,season,0,,R,Ryan Rolison,CHC,Fewer than 2 L14 starts (0) -- using season data.
4.05,3.54,0.79,,4.03,25.3,FALSE,9.9,4.02,5.35,17,5.48,2.49,46,99.7,48.9,0,669022,43.4,41.3,45.4,51.6,90.8,season,3.57,8.44,R,MacKenzie Gore,TEX,Fewer than 2 L14 starts (0) -- using season data.
0,3.88,0,,4.57,28.6,FALSE,28.6,7.2,2,1,0,,45.9,97.7,33.9,0,669084,42.2,32.4,41.7,51.8,32,season,0,,R,DL Hall,MIL,Fewer than 2 L14 starts (0) -- using season data.
4.3,3.32,0.75,,3.8,22.5,FALSE,6.4,4.68,5.58,15,4.79,3.94,48.4,100,52.8,0,669160,52,46.4,49.3,50.6,86.3,season,3.68,4.5,R,Dustin May,STL,Fewer than 2 L14 starts (0) -- using season data.
4.97,5.39,1.94,,4.94,17.5,FALSE,6.2,6.6,5.56,15,5.02,4.93,48.3,102.9,49.2,0,669194,47,47.8,50.1,54.9,86.1,season,5.64,3.63,R,Ryne Nelson,ARI,Fewer than 2 L14 starts (0) -- using season data.
2,3.76,0,,3.96,30.6,FALSE,11.1,1.35,2.25,4,1.93,2.08,53.8,106.6,55.9,0,669199,56.8,45.3,54.6,63.8,41.5,season,2.08,,R,Lake Bachar,MIA,Fewer than 2 L14 starts (0) -- using season data.
4.5,4.52,4.5,,5.34,57.1,FALSE,0,4.5,1,2,,4.5,50.6,100.5,42.3,0,669211,43,40.1,49.2,63.9,15.5,season,9,,R,Keegan Akin,BAL,Fewer than 2 L14 starts (0) -- using season data.
3.29,3.78,1.35,,3.59,27.2,FALSE,6,2.7,5.81,16,1.04,4.63,48.9,100,53.5,0,669302,43,47.6,50.1,58,93.3,season,4.31,8.44,R,Logan Gilbert,SEA,Fewer than 2 L14 starts (0) -- using season data.
4.31,3.84,0.86,,4.39,19.9,FALSE,8.6,4.39,5.88,16,4.26,4.41,45.4,102,50.7,0,669358,49,39.9,47.5,55.1,95.9,season,3.49,7.94,R,Shane Baz,BAL,Fewer than 2 L14 starts (0) -- using season data.
2.97,4.01,0.83,,4.2,22,FALSE,10.5,2.7,5.4,14,2.19,3.72,47.4,101.8,49.7,0,669372,45.5,49.2,50.8,56.4,85.9,season,3.72,0.75,R,J.T. Ginn,ATH,Fewer than 2 L14 starts (0) -- using season data.
3.32,3.14,1.21,,2.6,28.2,FALSE,3.4,2.88,5.97,10,2.55,4.44,44.9,98,51.3,0,669373,45.6,41.5,45.5,50,88.5,season,1.69,6,R,Tarik Skubal,DET,Fewer than 2 L14 starts (0) -- using season data.
4.3,3.68,0.61,,4.27,20,FALSE,7.7,4.2,4.89,9,4.08,4.7,59.2,102.5,53.7,0,669387,51.2,59.5,55.6,54.4,86.7,season,6.2,0.87,R,Carmen Mlodzinski,PIT,Fewer than 2 L14 starts (0) -- using season data.
5.3,4.25,1.11,,4.82,17.3,FALSE,7.7,6.17,5.21,14,4.94,5.52,44.4,99.5,45.8,0,669432,48.2,40.7,45.6,49.4,88.1,season,6.43,4.91,R,Trevor Rogers,BAL,Fewer than 2 L14 starts (0) -- using season data.
7.36,4.5,0,,4.76,10.5,FALSE,5.3,7.2,3.67,1,,7.36,82.5,108.5,57.5,0,669438,65.1,87.8,73.3,62.6,65,season,,7.36,R,Mason Englert,TBR,Fewer than 2 L14 starts (0) -- using season data.
9.82,12.65,7.36,,6.09,10.5,FALSE,0,7.2,3.67,1,,9.82,37.6,103.7,49.8,0,669456,39,38.2,44.2,54.8,75,season,9.82,,R,Shane Bieber,TOR,L14 file or pitcher row missing -- using season data.
5.56,5.27,1.97,,4.31,20.2,FALSE,8.4,6.19,4.85,16,6,5.24,54.4,101.8,51.1,0,669461,51.8,51,52.7,55.2,82.9,season,4.83,1.64,R,Matthew Liberatore,STL,Fewer than 2 L14 starts (0) -- using season data.
3.59,4.09,0.98,,4.07,18.5,FALSE,7.2,3.84,5.51,15,2.73,4.17,49.7,97.9,48.8,0,669467,47.6,48.1,48.8,50.3,90,season,3,12,R,Andre Pallante,STL,Fewer than 2 L14 starts (0) -- using season data.
0,3.84,0,,4.86,50,FALSE,0,0,1.33,1,,0,28.2,93.9,37.5,0,669684,55.4,27.9,39.9,42.4,23,season,0,,R,Chris Murphy,CHW,Fewer than 2 L14 starts (0) -- using season data.
5.4,5.22,0,,5.07,12.5,FALSE,0,4.5,0.83,2,0,9,45.4,98.9,64.1,0,669724,61.9,34.9,46.9,50.1,12,season,9,,R,Brenan Hanifee,DET,Fewer than 2 L14 starts (0) -- using season data.
6.75,5.88,1.5,,4.84,16,FALSE,6,8.1,6,2,6.75,,45,104.1,46,0,669920,38.6,42.1,46.2,56.3,90,season,13.5,,R,Jason Alexander,HOU,Fewer than 2 L14 starts (0) -- using season data.
3.94,3.35,0.84,,3.64,20.9,FALSE,5.7,3.49,6,16,3.16,4.56,48.9,101.2,54.1,0,669923,44.9,48.2,50.4,56.6,92.6,season,3.98,6,R,George Kirby,SEA,Fewer than 2 L14 starts (0) -- using season data.
6.1,5.39,2.61,,4.61,21.3,FALSE,8.5,4.5,5.17,2,3.86,7.94,38.4,85,39,0,669947,43.2,45.5,37.4,24,93,season,6.1,,R,Jesse Scholtens,TBR,Fewer than 2 L14 starts (0) -- using season data.
3.83,4.81,1.28,,4.88,17.5,FALSE,10.7,3.71,5.29,16,2.93,4.75,41.9,98,48.3,0,671096,41.7,39.3,42.2,45.9,92.1,season,3.9,0.84,R,Andrew Abbott,CIN,Fewer than 2 L14 starts (0) -- using season data.
27,9.48,0,,6.85,14.3,FALSE,28.6,14.4,0.67,1,,27,35.5,100.2,42.6,0,671111,28.1,27.8,29,30.9,23,season,27,,R,Sammy Peralta,COL,Fewer than 2 L14 starts (0) -- using season data.
5.17,3.04,0.57,,4.02,24.2,FALSE,9.1,6.6,5.22,3,3.18,10.38,67.2,107.6,53.9,0,671212,51.9,63.6,60.6,63.4,87.7,season,,10.38,R,Joe Boyle,TBR,Fewer than 2 L14 starts (0) -- using season data.
4.11,4.28,1.41,,4.09,25.4,FALSE,9.7,3.47,5.48,14,4.3,3.82,50.2,99.5,48.8,0,671737,49.4,44.2,48.3,52.2,96.4,season,4,,R,Taj Bradley,MIN,Fewer than 2 L14 starts (0) -- using season data.
0,2.94,0,,3.72,14.3,FALSE,0,9,1.67,1,0,,63.8,107.6,76.9,0,671936,40.7,64.7,60.8,70.7,30,season,,,R,Adam Macko,TOR,Fewer than 2 L14 starts (0) -- using season data.
3.93,2.88,0.67,,3.63,27.2,FALSE,7.3,3.82,5.88,16,3.42,4.5,46.7,102.3,48.5,0,672282,51.3,43.3,49.7,56,94.3,season,3.36,0.69,R,Reid Detmers,LAA,Fewer than 2 L14 starts (0) -- using season data.
3.63,3.95,1.02,,4.85,16.2,FALSE,5.4,3.86,5.67,14,3.32,3.75,50.4,99.5,49,0,672456,46.5,46.4,49.2,54.4,79.7,season,4.5,,R,Keider Montero,DET,Fewer than 2 L14 starts (0) -- using season data.
0,6.64,0,,5.18,0,FALSE,20,1.8,1.33,1,,0,38.3,106.6,30.9,0,673929,87.1,35.8,50.8,41.8,21,season,0,,R,Jordan Leasure,CHW,Fewer than 2 L14 starts (0) -- using season data.
2.7,2.73,0.54,,2.71,27.4,FALSE,9.6,3.15,4.17,4,3.38,2.08,41.8,101.4,50.1,0,674841,60.8,33.5,46.7,51.8,74.5,season,2.84,,R,Andrew Alvarez,WSN,Fewer than 2 L14 starts (0) -- using season data.
4.28,3.14,0.99,,3.72,21.7,FALSE,10.8,3.6,4.56,6,4.05,4.5,30,93.4,42.3,0,675660,40.8,33.4,35.3,33.4,80.2,season,4.28,,R,Shane Drohan,MIL,Fewer than 2 L14 starts (0) -- using season data.
27,4,0,,4.38,33.3,FALSE,0,3.6,0.67,1,27,,37.6,103.7,49.8,0,675848,38.2,37.4,43.3,53.7,30,season,27,,R,Juan Mejia,COL,Fewer than 2 L14 starts (0) -- using season data.
5.31,5.36,2.08,,4.35,27.9,FALSE,12.1,5.18,4.88,8,5.97,3.48,41.7,96.9,44.4,0,675911,45.4,46.3,43.4,38.7,86.4,season,6.43,0,R,Spencer Strider,ATL,Fewer than 2 L14 starts (0) -- using season data.
4.7,5.1,0,,4.87,23.7,FALSE,18.4,7.8,2.56,3,4.7,,22.3,96.6,29.6,0,675989,41,33.5,33.8,28.9,55.3,season,4.7,,R,Cody Bolton,HOU,Fewer than 2 L14 starts (0) -- using season data.
4.8,4.1,1.2,,4.24,16.9,FALSE,5.1,4.25,5.45,11,4.98,4.7,56,102.7,53.9,0,676083,53.6,51.9,54.1,56.9,86.8,season,6.21,0,R,Janson Junk,MIA,Fewer than 2 L14 starts (0) -- using season data.
3.6,3.84,1.27,,3.64,24.2,FALSE,5.7,3,5.67,15,3.86,3.38,49.2,97.5,53.9,0,676106,43,45,49.1,58,88.2,season,3.07,,R,Emerson Hancock,SEA,Fewer than 2 L14 starts (0) -- using season data.
4.05,4.41,1.24,,4.37,22.4,FALSE,10.9,4.27,5,16,4.27,3.74,54.1,101.7,54,0,676282,47.5,49.3,51.9,58.1,85.8,season,3.32,4.82,R,Joey Cantillo,CLE,Fewer than 2 L14 starts (0) -- using season data.
3.78,4.56,1.51,,4.12,21,FALSE,7.5,4.13,5.61,17,4,3.58,52.5,101.5,50.4,0,676440,48.8,48.4,51.3,56.3,88.5,season,3.79,2.25,R,Tanner Bibee,CLE,Fewer than 2 L14 starts (0) -- using season data.
2.02,5.22,1.35,,5.32,15.7,FALSE,5.9,3.78,1.33,10,2.08,1.93,43.4,102.2,47.1,0,676571,49.2,41,47.6,54.1,20.2,season,2.08,,R,PJ Poulin,WSN,Fewer than 2 L14 starts (0) -- using season data.
3.18,4.69,1.59,,4.77,20,FALSE,8,0,5.67,1,,3.18,48.3,102.8,45.5,0,676664,44.8,47.5,52.1,62.4,81,season,3.18,,R,JP Sears,SDP,L14 file or pitcher row missing -- using season data.
7.71,2.93,0,,2.91,40,FALSE,0,3.6,2.33,1,,7.71,72.4,100.6,77,0,676879,47.4,50.9,56,67.9,44,season,,,R,Aaron Ashby,MIL,Fewer than 2 L14 starts (0) -- using season data.
4,3.5,0.76,,3.96,23.8,FALSE,7.8,4.13,4.9,17,4.46,3.64,44.5,100.7,45.5,0,676917,47.7,42.2,47.6,53.7,84.4,season,3.41,4.91,R,Cade Cavalli,WSN,Fewer than 2 L14 starts (0) -- using season data.
1.7,2.5,0.21,,3.46,25,FALSE,6.7,1.8,5.29,8,1.04,2.76,47.9,105.6,54.6,0,676962,48.4,41.3,48.2,56,75.4,season,1.11,,R,Ben Brown,CHC,Fewer than 2 L14 starts (0) -- using season data.
2.8,3.32,0.8,,3.7,27.1,FALSE,9,3.26,5.62,16,3.66,2.13,48.8,100.4,51,0,676974,44.5,48,50,56.2,91.8,season,2.56,3.86,R,Max Meyer,MIA,Fewer than 2 L14 starts (0) -- using season data.
6.3,4.3,1.5,,3.73,26.8,FALSE,8,6.9,5,6,6.75,5.56,53.9,102.3,54.1,0,676979,43.4,50,49.4,52.9,86.3,season,5.06,,R,Garrett Crochet,BOS,Fewer than 2 L14 starts (0) -- using season data.
4.48,4.45,1.28,,4.27,18.2,FALSE,7.4,3.82,5.27,16,4.65,4.07,50.1,102.8,53,0,677944,46.2,46.9,49.7,55.5,84.7,season,5.74,1.59,R,Slade Cecconi,CLE,Fewer than 2 L14 starts (0) -- using season data.
3.07,2.83,0.74,,3.18,27.3,FALSE,5.6,3.49,6.04,16,2.93,3.19,55.1,102,52,0,677952,46.9,52.7,53.1,57.9,88.2,season,3.22,1.59,R,Braxton Ashcraft,PIT,Fewer than 2 L14 starts (0) -- using season data.
3.95,4.18,1.66,,3.38,26.9,FALSE,6.8,3.84,5.78,15,4.64,3.52,44.3,101.2,50.1,0,677960,44.6,36.8,44.4,53,92.3,season,5.36,,R,Ryan Weathers,NYY,Fewer than 2 L14 starts (0) -- using season data.
10.35,5.02,2.52,,4.36,11.9,FALSE,11.4,10.58,4.46,8,10.03,10.95,51.8,104.6,58.1,0,678394,45.8,45.4,48.7,54.4,88.8,season,10.38,,R,Brayan Bello,BOS,Fewer than 2 L14 starts (0) -- using season data.
5.13,4.63,1.34,,4.1,23.1,FALSE,11,5.2,4.48,9,5.62,4.81,52.3,102,51.8,0,678906,45.7,50.8,49.9,51.9,78.3,season,5.91,0,R,Kai-Wei Teng,HOU,Fewer than 2 L14 starts (0) -- using season data.
9,3.97,0,,2.9,20,FALSE,0,10.8,1,1,9,,82.5,108.5,57.5,0,679775,61.2,82.5,68.9,58.8,15,season,,9,R,Kyle Backhus,PHI,Fewer than 2 L14 starts (0) -- using season data.
6.29,4.46,1.48,,4.93,21.1,FALSE,16.5,5.1,4.06,6,1.74,31.91,54,102.6,53.6,0,679883,54,50.7,52.4,53.2,76,season,8.44,,R,Luinder Avila,KCR,Fewer than 2 L14 starts (0) -- using season data.
8.06,5.13,1.4,,4.85,19.5,FALSE,12.2,6.9,4.28,6,1.8,9.58,43.7,104.8,43.8,0,680570,54.3,48.4,50.2,49.4,82.3,season,6.55,17.18,R,Grayson Rodriguez,LAA,Fewer than 2 L14 starts (0) -- using season data.
36,20.5,9,,7.59,28.6,FALSE,28.6,10.8,1,1,,36,62.5,96.7,70.4,0,680689,60.4,49,52.5,51.1,30,season,,,R,Lyon Richardson,CIN,L14 file or pitcher row missing -- using season data.
3.64,4.05,1.11,,3.82,24.7,FALSE,11,4.5,5.56,16,4.15,3.15,47.3,103,48.4,0,680694,49.5,42.1,48.7,55.7,93.1,season,3.23,4.5,R,Kyle Bradish,BAL,Fewer than 2 L14 starts (0) -- using season data.
4.48,3.98,1.16,,4.2,22.4,FALSE,8.8,4.65,5.19,12,3.05,5.18,52.5,104.1,47,0,680732,56.1,52.4,55.6,59,90.6,season,3.79,8.64,R,Sean Burke,CHW,Fewer than 2 L14 starts (0) -- using season data.
5.4,3,2.7,,3.2,26.7,FALSE,13.3,3.6,3.33,1,5.4,,38.3,106.6,30.9,0,680744,79.3,32.6,46.2,38,48,season,5.4,,R,Ty Madden,DET,Fewer than 2 L14 starts (0) -- using season data.
0,4.2,0,,4.07,29.2,FALSE,16.7,1.8,1.13,5,0,0,42.9,97,53.6,0,680755,45,40.9,43.9,46.5,17,season,0,0,R,Braydon Fisher,TOR,Fewer than 2 L14 starts (0) -- using season data.
5.14,7.1,2.57,,5,20,FALSE,22.9,4.5,3.5,2,5.4,4.91,16.4,95.1,36.1,0,680802,43.9,30.6,32,25.1,81,season,5.14,,R,Ryan Weiss,HOU,Fewer than 2 L14 starts (0) -- using season data.
3.1,3.84,0.89,,4.14,26.4,FALSE,10.7,3.2,4.52,9,2.16,4.6,40.1,99,49.9,0,681035,41.7,36,42.3,49.9,82.8,season,1.76,,R,Christian Scott,NYM,Fewer than 2 L14 starts (0) -- using season data.
3.13,4.13,0.78,,4.56,23.2,FALSE,10.9,3.75,5.75,12,2.79,3.56,43.7,98.7,48.8,0,681293,44.5,45.6,45,44.5,93.8,season,2.87,0.75,R,Spencer Arrighetti,HOU,Fewer than 2 L14 starts (0) -- using season data.
5.55,5.57,2.03,,4.73,18.3,FALSE,8.4,5.76,5.62,15,4.28,7.25,44,100.7,46.6,0,681347,43.3,43.1,45.2,48.9,92.5,season,4.86,3.6,R,Mike Burrows,HOU,Fewer than 2 L14 starts (0) -- using season data.
4.24,4.27,1.06,,4.24,18.3,FALSE,8.3,3.36,5.09,15,5.35,3.29,47.9,96.2,50.2,0,681517,47.1,46.6,46.9,47.2,84.5,season,4.65,2.08,R,Kyle Leahy,STL,Fewer than 2 L14 starts (0) -- using season data.
9,4.09,0,,3.91,9.1,FALSE,18.2,8.1,1,2,0,18,54.4,108.1,38.4,0,681810,47.7,50,53,60.2,26,season,0,,R,Austin Warren,NYM,Fewer than 2 L14 starts (0) -- using season data.
7.2,6.38,2.2,,6.07,15.7,FALSE,13.8,6.66,4.5,10,6.17,8.31,47.1,102.5,47.8,0,682052,43.4,47.8,50.5,58.7,86.2,season,6.89,31.5,R,Jacob Lopez,ATH,Fewer than 2 L14 starts (0) -- using season data.
6.11,6.07,1.29,,6.45,14.8,FALSE,15.6,6,4.67,6,3.31,10.03,36.3,103.6,44.2,0,682227,43.7,35.3,41.2,46.2,86.3,season,6,,R,Brandon Williamson,CIN,Fewer than 2 L14 starts (0) -- using season data.
1.77,2.95,1.33,,2.82,34.5,FALSE,3.4,1.29,5.81,7,2.52,0.57,47.7,97.7,48.7,0,682243,44.3,41.8,46.4,53.2,80.7,season,1.27,,R,Bryce Miller,SEA,Fewer than 2 L14 starts (0) -- using season data.
0,3.24,0,,3.13,41.2,FALSE,11.8,0.9,1,4,0,0,47.4,101.5,53,0,682254,47.1,49.5,49.5,51.2,14.2,season,0,,R,Mason Montgomery,PIT,Fewer than 2 L14 starts (0) -- using season data.
5.75,4.77,1.77,,3.98,23.3,FALSE,8.9,5.04,4.07,5,4.5,7.56,50.4,107.1,51.1,0,683003,46.4,53.7,54,59.7,69.2,season,1.12,4.5,R,Jared Jones,PIT,L14 file or pitcher row missing -- using season data.
5.29,4.76,1.57,,4.25,23.4,FALSE,9.9,5.64,5.33,15,5.54,5.05,52.8,102.6,53.7,0,683004,44.4,50.3,49.5,52.1,93.1,season,5.49,5.65,R,Jack Leiter,TEX,Fewer than 2 L14 starts (0) -- using season data.
8.31,4.95,2.08,,4.02,22.2,FALSE,5.6,9,4.33,1,,8.31,4.6,96.4,34.7,0,683155,42.4,40.6,31.4,13.2,71,season,8.31,,R,Joey Estes,ATH,L14 file or pitcher row missing -- using season data.
3,3.1,0,,4.1,23.1,FALSE,15.4,3.6,3,1,3,,64.5,106.3,54.9,0,683352,52.3,57.3,56.2,57.7,54,season,,,R,Mitch Bratt,ARI,L14 file or pitcher row missing -- using season data.
7.71,4.22,3.86,,3.33,28.6,FALSE,4.8,4.05,1.17,4,6.75,9,42.6,98.3,41.4,0,685126,41.5,36.8,44,54,23.8,season,7.71,,R,Brandon Eisert,CHW,Fewer than 2 L14 starts (0) -- using season data.
5.62,4.09,0,,4.3,13.2,FALSE,5.3,10.8,4,2,1.8,12,69.9,114.6,61.2,0,685299,51,56.2,57.8,64.5,77.5,season,12,1.8,R,Tanner Gordon,COL,Fewer than 2 L14 starts (0) -- using season data.
5.32,4.61,1.86,,3.8,26.2,FALSE,6.9,4.63,4.83,14,5.58,5.11,43.3,98.6,49.6,0,686218,43.3,42,44.7,48.6,84.6,season,4.64,1.42,R,Emmet Sheehan,LAD,Fewer than 2 L14 starts (0) -- using season data.
1.4,2.9,0.47,,3.07,34.6,FALSE,13.6,1.8,4.83,4,3,1.1,30.2,95.4,40.7,0,686613,40.8,22.1,32.9,39.7,89.2,season,1.4,,R,Hunter Brown,HOU,Fewer than 2 L14 starts (0) -- using season data.
4.93,4.18,0.79,,3.92,20.5,FALSE,8.8,5.8,5.07,9,3.96,6.1,60.2,102.7,55.9,0,686790,53.6,56.9,56.5,58.2,84.3,season,3.31,5.14,R,Trevor McDonald,SFG,Fewer than 2 L14 starts (0) -- using season data.
6.19,4.98,0.98,,4.98,15.9,FALSE,12.2,6.23,4.92,13,8.39,3.64,55.7,104.5,50.4,0,686799,51.7,51.9,54.7,60.1,85.1,season,5.31,11.08,R,Jack Kochanowicz,LAA,Fewer than 2 L14 starts (0) -- using season data.
3.07,3.96,0.8,,4.72,17.1,FALSE,8.7,4.35,5.61,12,3.38,2.8,49.2,103.3,50.6,0,687064,47.1,42.8,48.8,56.7,87.7,season,3.35,2.61,R,Brandon Young,BAL,Fewer than 2 L14 starts (0) -- using season data.
5.4,3.94,1.2,,4.24,17.1,FALSE,10,4.5,3.75,4,9.64,3.48,34.2,97.9,40.9,0,687473,55.6,28,41.4,46.5,64.5,season,5.4,,R,Ryan Gusto,MIA,Fewer than 2 L14 starts (0) -- using season data.
9,4.37,0,,4.64,16.7,FALSE,16.7,7.2,1,1,,9,37.1,87.8,65.7,0,687606,40.1,40.9,44.5,51.8,26,season,9,,R,Paxton Schultz,WSN,Fewer than 2 L14 starts (0) -- using season data.
13.5,5.98,0,,6.03,5,FALSE,5,12.6,4,1,13.5,,72.4,100.6,77,0,687765,49.3,52.9,58.2,70.6,63,season,,,R,Mitch Spence,KCR,Fewer than 2 L14 starts (0) -- using season data.
4.5,5.14,1.8,,4.58,23.8,FALSE,9.2,5.1,5,6,6,3,54.3,106.2,50.9,0,688107,46.7,45.7,52.1,63.2,88.8,season,1.62,8.31,R,Robert Gasser,MIL,Fewer than 2 L14 starts (0) -- using season data.
5.94,4.55,1.08,,5.64,13.2,FALSE,6.6,4.95,4.17,4,3.14,23.14,39.7,103.5,49.5,0,689441,41.6,31.5,43,57.3,69,season,7.71,,R,Coleman Crow,MIL,Fewer than 2 L14 starts (0) -- using season data.
6.23,4.37,2.08,,3.33,23.1,FALSE,12.8,6.3,4.33,2,6.23,,53.7,101.8,46,0,690928,43.2,56.5,54.2,59.4,83.5,season,6.23,,R,Hunter Dobbins,STL,Fewer than 2 L14 starts (0) -- using season data.
2.12,2.76,0,,4.3,26,FALSE,8.2,3.6,5.67,3,,2.12,34.1,96,32.3,0,690953,54.9,29.1,37.4,34.3,92,season,2.12,,R,Mick Abel,MIN,Fewer than 2 L14 starts (0) -- using season data.
2.5,3.05,1,,3.14,30,FALSE,6.2,2.31,5.14,14,4.2,1.29,56.5,102.6,58.1,0,690986,47.8,48.5,52,58.9,87.4,season,1.45,1.64,R,Kyle Harrison,MIL,Fewer than 2 L14 starts (0) -- using season data.
7.36,5.52,2.13,,4.81,16.8,FALSE,7.8,6.75,4.58,12,6.65,7.88,49.1,99.7,50.6,0,691725,44,41.1,45.7,52.1,81.9,season,6.16,10.8,R,Andrew Painter,PHI,Fewer than 2 L14 starts (0) -- using season data.
7.56,5.49,1.62,,5.81,10.1,FALSE,11.4,7.65,4.17,4,18,5.27,49.4,99.7,48,0,691951,54.8,46.3,52.1,56.8,77.8,season,7.88,,R,Sam Aldegheri,LAA,Fewer than 2 L14 starts (0) -- using season data.
4.26,3.06,0.87,,3.75,24.6,FALSE,4.8,4.63,5.81,16,6.38,2,48.4,99.9,53.4,0,693433,45.3,45.4,49.1,56,86.4,season,2.35,,R,Bryan Woo,SEA,Fewer than 2 L14 starts (0) -- using season data.
3.71,3.79,0.95,,4.01,19.8,FALSE,7.3,4.16,5.92,16,4.41,3.34,46.1,99.3,48.8,0,693821,47.6,40.2,45.2,49.1,87.1,season,3.86,0,R,Bryce Elder,ATL,Fewer than 2 L14 starts (0) -- using season data.
4.09,4.65,2.45,,4.62,25,FALSE,2.3,3,3.67,3,,4.09,39.1,93.8,52.2,0,693855,48.7,33.4,41.1,44.4,53.7,season,3,,R,Ian Seymour,TBR,Fewer than 2 L14 starts (0) -- using season data.
5.94,5.44,1.62,,4.62,15.1,FALSE,8.2,7.2,5.56,3,4.5,6.75,41.5,98.4,43.8,0,694297,39.4,36.5,42.8,52.2,88.3,season,5.94,,R,Brandon Pfaadt,ARI,Fewer than 2 L14 starts (0) -- using season data.
3,3.1,3,,3.42,28.6,FALSE,7.1,0.9,1.5,2,3,,41.6,103.6,44.2,0,694361,31.4,33,42.7,61.8,32,season,0,,R,Will Klein,LAD,Fewer than 2 L14 starts (0) -- using season data.
2.86,3.9,0.32,,4.48,18.3,FALSE,12.5,2.7,4.72,6,4.32,2.25,52.5,99.2,53.7,0,694477,51.3,42.5,48,52,77.3,season,2.31,,R,Chad Patrick,MIL,Fewer than 2 L14 starts (0) -- using season data.
4.07,3,0.52,,3.39,26.2,FALSE,9.4,4.84,5.4,16,3.83,4.38,56.1,102.2,52.6,0,694738,54.6,54.4,54.4,54.3,96.8,season,3.35,4.35,R,Landen Roupp,SFG,Fewer than 2 L14 starts (0) -- using season data.
5.91,5.34,1.69,,5.5,4.4,FALSE,6.7,3.6,5.33,2,4.76,7.2,73.5,107.4,56.2,0,695534,54.4,67.3,60,55.6,68.5,season,,4.76,R,Chase Petty,CIN,Fewer than 2 L14 starts (0) -- using season data.
1.5,3.47,0,,4.75,28,FALSE,16,4.5,3,2,,1.5,68.8,113.9,60.4,0,696070,54.3,66.9,64.2,68.2,48,season,0,4.5,R,Kendry Rojas,MIN,Fewer than 2 L14 starts (0) -- using season data.
15.63,4.21,1.42,,4.04,17.6,FALSE,2.9,11.7,3.17,2,15.63,,64.6,110.1,59.5,0,696136,49,62.6,60.4,66,64.5,season,,,R,Jordan Wicks,CHC,L14 file or pitcher row missing -- using season data.
4.5,4.72,1.09,,5.08,20,FALSE,13.3,4.8,4.93,15,4.31,4.72,42.6,99.8,46.6,0,696149,49.7,42.7,46.1,47.4,84.3,season,4.14,6.1,R,Bubba Chandler,PIT,Fewer than 2 L14 starts (0) -- using season data.
0,2.67,0,,3.77,20,FALSE,0,4.8,1,3,0,,55.7,107.1,58.5,0,699134,56.1,48.6,53.5,57.2,11.7,season,0,,R,Bradgley Rodriguez,SDP,Fewer than 2 L14 starts (0) -- using season data.
3.35,4.42,1.3,,4.11,15.9,FALSE,6,3.48,5.56,15,4.36,2.25,52.4,102.4,51.8,0,700241,50.8,48.1,51.4,55.5,87.8,season,2.78,0,R,Michael McGreevy,STL,Fewer than 2 L14 starts (0) -- using season data.
5.93,5.79,1.98,,5.35,17.2,FALSE,6.9,5.4,4.56,3,10.29,1.35,48,104.6,60.4,0,700249,44.1,40.3,48.7,61.5,72.3,season,3.72,11.25,R,Cade Povich,BAL,Fewer than 2 L14 starts (0) -- using season data.
3.45,3.36,0.92,,3.63,24.7,FALSE,7.6,4.32,5.22,15,2.97,3.86,45,100.2,55,0,701542,45.1,38.2,45.1,53,88.9,season,4.43,,R,Will Warren,NYY,Fewer than 2 L14 starts (0) -- using season data.
36,3.54,0,,4.3,22.2,FALSE,0,7.2,1,1,36,,28.2,93.9,37.5,0,701719,50.4,25.4,36.3,38.6,22,season,36,,R,Tyler Samaniego,BOS,Fewer than 2 L14 starts (0) -- using season data.
4.5,3.43,0.9,,3.96,21.5,FALSE,6.3,4.92,5.33,15,4.38,4.61,53.2,103.5,49.2,0,702070,44.8,49.2,52.2,60.8,91,season,3.99,7,R,Noah Cameron,KCR,Fewer than 2 L14 starts (0) -- using season data.
0,2.98,0,,3.04,33.3,FALSE,0,5.4,1,1,0,,30.4,94.8,52.1,0,702303,32.1,31,35.9,44.1,6,season,0,,R,Riley Martin,CHC,Fewer than 2 L14 starts (0) -- using season data.
3.55,4.95,0.71,,5.37,13,FALSE,9.3,4.2,4.22,3,3.55,,36.6,94.4,35.2,0,702474,45.1,30.2,37.9,41.4,64,season,3.55,,R,Mike Paredes,MIN,L14 file or pitcher row missing -- using season data.
