abq,obr,oor,osi,rcv,pals,team,abq_l7,obr_l7,osi_l7,pp_gap,rcv_l7,abq_l14,abq_l30,abq_ytd,obr_l14,obr_l30,obr_ytd,osi_l14,osi_l30,osi_ytd,rcv_l14,rcv_l30,rcv_ytd,away_abq,away_obr,away_osi,away_rcv,away_slg,away_wrc,home_abq,home_obr,home_osi,home_rcv,home_slg,home_wrc,proj_osi,team_era,top_3_sp,away_woba,home_woba,abq_vs_lhp,abq_vs_rhp,obr_vs_lhp,obr_vs_rhp,osi_vs_lhp,osi_vs_rhp,rcv_vs_lhp,rcv_vs_rhp,team_k_pct,bullpen_era,closer_name,platoon_gap,team_bb_pct,top_batters,primary_setup,avg_ip_per_start,window_direction,home_away_osi_gap,platoon_sensitive,avg_pitching_score,record_placeholder,bullpen_osi_allowed,bullpen_high_lev_era,bullpen_ir_scored_pct
54.36,19.7,28.47,31.71,29.27,29.2,ARI,53.9,17.3,29.3,-0.7,27.4,55.8,56.2,54.36,20.2,16.1,19.7,32.4,28,31.71,29.7,25.2,29.27,49.7,36.7,44.9,51,0.5,128.8,51.4,44.3,49.8,55.1,0.4,114.6,30.97,4.44,"[{""name"": ""Michael Soroka"", ""pitch_score"": 49.3}, {""name"": ""Mitch Bratt"", ""pitch_score"": 45.4}, {""name"": ""Ryne Nelson"", ""pitch_score"": 44.8}]",0.4,0.3,55.12,54.36,12.01,19.7,40.54,31.71,62.71,29.27,17.8,2.83,Paul Sewald,-8.8,8.7,"[{""player_name"": ""Corbin Carroll"", ""OSI"": 62.7, ""trend"": ""falling"", ""position"": ""RF""}, {""player_name"": ""Ketel Marte"", ""OSI"": 58.1, ""trend"": ""rising"", ""position"": ""2B""}, {""player_name"": ""Nolan Arenado"", ""OSI"": 55.3, ""trend"": ""rising"", ""position"": ""3B""}, {""player_name"": ""Geraldo Perdomo"", ""OSI"": 53.4, ""trend"": ""falling"", ""position"": ""SS""}, {""player_name"": ""Gabriel Moreno"", ""OSI"": 51.0, ""trend"": ""stable"", ""position"": ""C""}]",Jonathan Loáisiga;Kevin Ginkel;Ryan Thompson;Taylor Clarke;Juan Morillo;Brandyn Garcia,5.51,stable,4.9,TRUE,46.1,--,50.4,3.03,23.5
41.78,45.51,55.17,54.38,73.52,50.8,ATH,41.9,31.9,40.7,-8,52.5,40.6,43,41.78,31.9,39.7,45.51,42.3,50.7,54.38,57.5,69.3,73.52,48.3,33.6,44.9,55.3,0.4,94.6,49,45.1,53.2,65.5,0.4,113.9,46.38,4.72,"[{""name"": ""Luis Medina"", ""pitch_score"": 48.0}, {""name"": ""Joey Estes"", ""pitch_score"": 47.4}, {""name"": ""Luis Severino"", ""pitch_score"": 46.5}]",0.3,0.3,29.71,41.78,34,45.51,48.66,54.38,78.94,73.52,20.1,4.32,Mason Barnett,5.7,8,"[{""player_name"": ""Nick Kurtz"", ""OSI"": 83.3, ""trend"": ""falling"", ""position"": ""1B""}, {""player_name"": ""Carlos Cortes"", ""OSI"": 70.1, ""trend"": ""falling"", ""position"": ""RF""}, {""player_name"": ""Shea Langeliers"", ""OSI"": 66.8, ""trend"": ""falling"", ""position"": ""C""}, {""player_name"": ""Tyler Soderstrom"", ""OSI"": 55.2, ""trend"": ""stable"", ""position"": ""LF""}, {""player_name"": ""Brent Rooker"", ""OSI"": 52.7, ""trend"": ""stable"", ""position"": """"}]",Luis Medina;Justin Sterner,4.99,falling,8.3,FALSE,26,--,48.2,4.53,36.1
41.23,43.66,48.26,47.81,57.25,45.5,ATL,39.3,30.6,38.4,-3,48.5,39.2,43.3,41.23,30.6,36.7,43.66,38,42.6,47.81,47.6,48.8,57.25,46.9,32.8,40.3,44.2,0.5,120.6,48.4,49.5,53.1,60.7,0.6,147.9,44.82,3.83,"[{""name"": ""Chris Sale"", ""pitch_score"": 51.5}, {""name"": ""Spencer Strider"", ""pitch_score"": 47.6}, {""name"": ""Bryce Elder"", ""pitch_score"": 46.3}]",0.3,0.4,38.99,41.23,41.41,43.66,47.4,47.81,60.26,57.25,24.2,1.86,Robert Suarez,0.4,9.2,"[{""player_name"": ""Matt Olson"", ""OSI"": 63.8, ""trend"": ""falling"", ""position"": ""1B""}, {""player_name"": ""Michael Harris II"", ""OSI"": 54.8, ""trend"": ""falling"", ""position"": ""CF""}, {""player_name"": ""Dominic Smith"", ""OSI"": 54.6, ""trend"": ""falling"", ""position"": ""DH""}, {""player_name"": ""Ozzie Albies"", ""OSI"": 48.9, ""trend"": ""falling"", ""position"": ""2B""}, {""player_name"": ""Mike Yastrzemski"", ""OSI"": 47.0, ""trend"": ""rising"", ""position"": ""LF""}]",Tyler Kinley;Dylan Lee;Didier Fuentes,5.49,falling,12.8,FALSE,67.1,--,45.7,2.23,28.6
40.69,64.65,63.77,60.79,70.74,76.9,BAL,39.8,45.3,45.3,-2.5,53.8,39.4,41.9,40.69,45.8,58.9,64.65,50,58.1,60.79,60.5,67.8,70.74,47,36.4,44.1,50.8,0.5,128.8,47.9,37.6,45.1,51.8,0.4,96.7,58.3,4.33,"[{""name"": ""Dean Kremer"", ""pitch_score"": 54.3}, {""name"": ""Zach Eflin"", ""pitch_score"": 54.1}, {""name"": ""Kyle Bradish"", ""pitch_score"": 47.1}]",0.4,0.3,37.45,40.69,59.69,64.65,52.34,60.79,54.58,70.74,27.1,3.7,Rico Garcia,8.4,7.7,"[{""player_name"": ""Leody Taveras"", ""OSI"": 61.3, ""trend"": ""falling"", ""position"": ""CF""}, {""player_name"": ""Taylor Ward"", ""OSI"": 61.1, ""trend"": ""falling"", ""position"": ""LF""}, {""player_name"": ""Pete Alonso"", ""OSI"": 59.9, ""trend"": ""rising"", ""position"": ""1B""}, {""player_name"": ""Samuel Basallo"", ""OSI"": 56.4, ""trend"": ""falling"", ""position"": ""C""}, {""player_name"": ""Adley Rutschman"", ""OSI"": 56.1, ""trend"": ""falling"", ""position"": """"}]",Andrew Kittredge;Grant Wolfram;Yennier Cano;Tyler Wells,5.26,falling,1,TRUE,41.2,--,46.8,4.37,21.7
41.44,21.59,17.87,23.27,12.22,32.2,BOS,39.9,15.8,19.6,0.9,10.8,40.1,42.4,41.44,16,18.7,21.59,19.8,21.7,23.27,11,11.6,12.22,48,35.2,37.9,33.8,0.4,104.9,47.1,32.6,37.5,36.2,0.4,91.4,24.16,11.69,"[{""name"": ""Ranger Suarez"", ""pitch_score"": 49.2}, {""name"": ""Garrett Crochet"", ""pitch_score"": 49.1}, {""name"": ""Sonny Gray"", ""pitch_score"": 47.2}]",0.3,0.3,44.3,41.44,22.03,21.59,36.65,23.27,47.91,12.22,21.4,3.65,Aroldis Chapman,-13.4,6.6,"[{""player_name"": ""Willson Contreras"", ""OSI"": 51.5, ""trend"": ""stable"", ""position"": ""1B""}, {""player_name"": ""Masataka Yoshida"", ""OSI"": 51.2, ""trend"": ""falling"", ""position"": ""DH""}, {""player_name"": ""Wilyer Abreu"", ""OSI"": 48.3, ""trend"": ""falling"", ""position"": ""RF""}, {""player_name"": ""Connor Wong"", ""OSI"": 48.0, ""trend"": ""stable"", ""position"": ""C""}, {""player_name"": ""Ceddanne Rafaela"", ""OSI"": 45.3, ""trend"": ""stable"", ""position"": ""CF""}]",Danny Coulombe;Tyron Guerrero;Greg Weissert;Garrett Whitlock;Justin Slaten,5.13,stable,-0.4,TRUE,62.9,--,47.4,3.38,31.7
60.59,81.87,81.47,67.78,56.82,57.5,CHC,56.2,57.3,47.4,0.5,39.8,57.4,61.4,60.59,57.3,75.3,81.87,50,65.3,67.78,41.6,55.8,56.82,48.8,36.1,40.7,40.1,0.4,110.6,52.2,50.8,50.7,49.4,0.4,124.6,68.23,4.64,"[{""name"": ""Riley Martin"", ""pitch_score"": 52.7}, {""name"": ""Matthew Boyd"", ""pitch_score"": 50.7}, {""name"": ""Ben Brown"", ""pitch_score"": 49.2}]",0.3,0.3,55.39,60.59,74.38,81.87,67.38,67.78,67.94,56.82,19.8,3.98,Jacob Webb,0.4,5.5,"[{""player_name"": ""Ian Happ"", ""OSI"": 62.6, ""trend"": ""falling"", ""position"": ""LF""}, {""player_name"": ""Michael Conforto"", ""OSI"": 61.1, ""trend"": ""falling"", ""position"": ""DH""}, {""player_name"": ""Michael Busch"", ""OSI"": 58.0, ""trend"": ""rising"", ""position"": ""1B""}, {""player_name"": ""Nico Hoerner"", ""OSI"": 49.1, ""trend"": ""falling"", ""position"": ""2B""}, {""player_name"": ""Seiya Suzuki"", ""OSI"": 48.7, ""trend"": ""falling"", ""position"": ""RF""}]",Hoby Milner;Phil Maton,4.99,falling,10,FALSE,44.2,--,46.7,4.14,27.7
33.1,56.64,67.19,57.19,75.03,55.1,CHW,32.5,39.7,41.9,1.1,54,33.7,33.9,33.1,47,53.1,56.64,50.9,55.6,57.19,66.1,73.5,75.03,47.4,31.1,42,50.7,0.4,85.6,51.4,57.6,60.6,70.5,0.5,138.9,58.25,3.9,"[{""name"": ""Brandon Eisert"", ""pitch_score"": 49.7}, {""name"": ""Sean Newcomb"", ""pitch_score"": 49.5}, {""name"": ""Davis Martin"", ""pitch_score"": 49.1}]",0.3,0.4,31.19,33.1,54.5,56.64,61.2,57.19,90.29,75.03,25.3,3.59,Grant Taylor,-4,6.2,"[{""player_name"": ""Munetaka Murakami"", ""OSI"": 73.6, ""trend"": ""falling"", ""position"": """"}, {""player_name"": ""Colson Montgomery"", ""OSI"": 60.2, ""trend"": ""falling"", ""position"": ""SS""}, {""player_name"": ""Sam Antonacci"", ""OSI"": 59.5, ""trend"": ""falling"", ""position"": ""LF""}, {""player_name"": ""Miguel Vargas"", ""OSI"": 56.1, ""trend"": ""stable"", ""position"": ""3B""}, {""player_name"": ""Tristan Peters"", ""OSI"": 52.0, ""trend"": ""rising"", ""position"": ""CF""}]",Jordan Hicks,4.44,falling,18.6,FALSE,46.6,--,49.8,3.05,25.9
42.04,65.33,58.63,48.3,33.31,45.8,CIN,38.2,45.7,36.1,7.7,26.2,41.5,42.9,42.04,55.8,52,65.33,43.6,41.9,48.3,30.4,28.6,33.31,46.9,34.4,38.4,36.9,0.5,115.6,47.3,44,45.2,45.2,0.5,120.5,55.97,10.38,"[{""name"": ""Brady Singer"", ""pitch_score"": 44.4}, {""name"": ""Nick Lodolo"", ""pitch_score"": 44.4}, {""name"": ""Andrew Abbott"", ""pitch_score"": 43.5}]",0.3,0.4,47.25,42.04,71.28,65.33,60.55,48.3,57.79,33.31,16.9,3.17,Tony Santillan,-12.3,13,"[{""player_name"": ""JJ Bleday"", ""OSI"": 68.5, ""trend"": ""falling"", ""position"": ""LF""}, {""player_name"": ""Nathaniel Lowe"", ""OSI"": 65.9, ""trend"": ""falling"", ""position"": ""DH""}, {""player_name"": ""Elly De La Cruz"", ""OSI"": 52.8, ""trend"": ""falling"", ""position"": ""SS""}, {""player_name"": ""Sal Stewart"", ""OSI"": 50.0, ""trend"": ""falling"", ""position"": ""1B""}, {""player_name"": ""Will Benson"", ""OSI"": 46.6, ""trend"": ""stable"", ""position"": """"}]",Pierce Johnson;Sam Moll;Brock Burke,4.98,falling,6.8,TRUE,20.5,--,46.8,2.95,21.2
50.41,25.32,28.2,36.18,38.43,37.5,CLE,45.9,17.7,29,-5.5,33.1,49.7,49.8,50.41,22.4,19.8,25.32,33.8,32,36.18,36.7,35.5,38.43,52.4,46.2,49.9,52.4,0.5,147.4,51.6,35,42.9,45.6,0.3,73.2,30.68,4.03,"[{""name"": ""Gavin Williams"", ""pitch_score"": 50.0}, {""name"": ""Tanner Bibee"", ""pitch_score"": 46.4}, {""name"": ""Joey Cantillo"", ""pitch_score"": 45.9}]",0.4,0.3,47.61,50.41,25.87,25.32,34.81,36.18,35.88,38.43,22.5,2.99,Cade Smith,1.4,8.4,"[{""player_name"": ""Travis Bazzana"", ""OSI"": 63.9, ""trend"": ""stable"", ""position"": ""2B""}, {""player_name"": ""Rhys Hoskins"", ""OSI"": 61.8, ""trend"": ""stable"", ""position"": ""1B""}, {""player_name"": ""Chase DeLauter"", ""OSI"": 59.0, ""trend"": ""falling"", ""position"": """"}, {""player_name"": ""Brayan Rocchio"", ""OSI"": 54.0, ""trend"": ""stable"", ""position"": ""SS""}, {""player_name"": ""Daniel Schneemann"", ""OSI"": 49.7, ""trend"": ""falling"", ""position"": ""CF""}]",Shawn Armstrong;Matt Festa;Colin Holderman;Erik Sabrowski;Tim Herrin;Hunter Gaddis,5.48,stable,-7,FALSE,63.9,--,51.8,3.11,24.5
38.2,36.41,4.46,28.18,11.62,34.7,COL,36.5,25.5,19.7,-8,8.1,38.1,40.8,38.2,25.5,36.6,36.41,21.3,28.9,28.18,8.1,11.9,11.62,44.5,27.9,27,13.6,0.4,82.9,47.6,40.8,36.2,22.8,0.4,104.5,20.18,11.96,"[{""name"": ""Jimmy Herget"", ""pitch_score"": 50.9}, {""name"": ""Tanner Gordon"", ""pitch_score"": 47.9}, {""name"": ""Juan Mejia"", ""pitch_score"": 45.8}]",0.3,0.3,22.38,38.2,18.44,36.41,12.97,28.18,0,11.62,17.9,4.8,Zach Agnos,15.2,10.4,"[{""player_name"": ""Troy Johnston"", ""OSI"": 51.4, ""trend"": ""stable"", ""position"": ""RF""}, {""player_name"": ""TJ Rumfield"", ""OSI"": 49.3, ""trend"": ""stable"", ""position"": ""1B""}, {""player_name"": ""Hunter Goodman"", ""OSI"": 39.8, ""trend"": ""falling"", ""position"": ""C""}, {""player_name"": ""Jake McCarthy"", ""OSI"": 38.3, ""trend"": ""stable"", ""position"": ""CF""}, {""player_name"": ""Edouard Julien"", ""OSI"": 37.9, ""trend"": ""falling"", ""position"": ""2B""}]",Brennan Bernardino,4.29,falling,9.2,TRUE,17.5,--,48.2,4.25,31.7
41.3,31.82,45.07,40.69,50.4,33.9,DET,40.2,22.3,30.7,-3.6,38.4,40.5,42.4,41.3,22.3,28.5,31.82,31.7,38.8,40.69,38.5,49.1,50.4,49,41.6,46.4,49.8,0.5,139.9,49.2,38.7,44.5,47.7,0.3,86.8,37.11,8.86,"[{""name"": ""Tarik Skubal"", ""pitch_score"": 51.8}, {""name"": ""Ty Madden"", ""pitch_score"": 50.9}, {""name"": ""Drew Anderson"", ""pitch_score"": 50.5}]",0.4,0.3,51.86,41.3,50.52,31.82,51.74,40.69,53.03,50.4,20.3,3.59,Will Vest,-11,6.5,"[{""player_name"": ""Kevin McGonigle"", ""OSI"": 60.9, ""trend"": ""falling"", ""position"": ""SS""}, {""player_name"": ""Riley Greene"", ""OSI"": 57.8, ""trend"": ""falling"", ""position"": ""LF""}, {""player_name"": ""Dillon Dingler"", ""OSI"": 54.4, ""trend"": ""stable"", ""position"": ""C""}, {""player_name"": ""Spencer Torkelson"", ""OSI"": 48.7, ""trend"": ""falling"", ""position"": ""1B""}, {""player_name"": ""Colt Keith"", ""OSI"": 44.2, ""trend"": ""falling"", ""position"": ""3B""}]",Kyle Finnegan;Tyler Holton,4.94,falling,-1.9,TRUE,63.6,--,46.4,3.46,30.2
37.76,36.56,36.74,42.39,52.36,49.8,HOU,36.8,25.7,34.9,-6.4,45.3,37.8,38.7,37.76,29.8,31.4,36.56,38.2,38.7,42.39,48.8,47.4,52.36,46.9,30.9,39.3,43.5,0.4,103,51.9,54.9,56.7,62.3,0.5,150.6,35.98,6.18,"[{""name"": ""Hunter Brown"", ""pitch_score"": 51.5}, {""name"": ""Steven Okert"", ""pitch_score"": 48.7}, {""name"": ""Kai-Wei Teng"", ""pitch_score"": 46.8}]",0.3,0.4,34.58,37.76,25.78,36.56,38.65,42.39,56.27,52.36,21,3.41,Bryan King,3.7,13.6,"[{""player_name"": ""Yordan Alvarez"", ""OSI"": 74.5, ""trend"": ""falling"", ""position"": ""DH""}, {""player_name"": ""Christian Walker"", ""OSI"": 59.5, ""trend"": ""falling"", ""position"": ""1B""}, {""player_name"": ""Braden Shewmake"", ""OSI"": 50.7, ""trend"": ""stable"", ""position"": """"}, {""player_name"": ""Isaac Paredes"", ""OSI"": 46.5, ""trend"": ""stable"", ""position"": ""3B""}, {""player_name"": ""Cam Smith"", ""OSI"": 46.1, ""trend"": ""stable"", ""position"": ""RF""}]",Steven Okert;Kai-Wei Teng;AJ Blubaugh,5.04,stable,17.4,FALSE,34.5,--,46.4,3.31,25.8
66.45,53.86,61.27,57.86,56.28,70.4,KCR,62.8,37.7,41.8,0,42.4,65.8,68.5,66.45,37.7,48.5,53.86,44.8,55.1,57.86,44.1,54.2,56.28,46.8,25.8,37.8,44.9,0.4,77.5,48.7,40.8,47.9,55.3,0.4,107.3,57.81,7.08,"[{""name"": ""Noah Cameron"", ""pitch_score"": 47.6}, {""name"": ""Cole Ragans"", ""pitch_score"": 46.9}, {""name"": ""Kris Bubic"", ""pitch_score"": 46.8}]",0.3,0.3,62.03,66.45,44.83,53.86,52.56,57.86,54.63,56.28,18,4.09,Lucas Erceg,5.3,9.6,"[{""player_name"": ""Isaac Collins"", ""OSI"": 58.4, ""trend"": ""stable"", ""position"": ""LF""}, {""player_name"": ""Bobby Witt Jr."", ""OSI"": 57.0, ""trend"": ""stable"", ""position"": ""SS""}, {""player_name"": ""Vinnie Pasquantino"", ""OSI"": 56.3, ""trend"": ""stable"", ""position"": """"}, {""player_name"": ""Jac Caglianone"", ""OSI"": 55.7, ""trend"": ""falling"", ""position"": ""RF""}, {""player_name"": ""Carter Jensen"", ""OSI"": 55.0, ""trend"": ""falling"", ""position"": ""C""}]",Matt Strahm;Daniel Lynch IV;John Schreiber,5.39,falling,10.1,FALSE,32.4,--,48.6,4.49,33.8
24.5,20.27,28.82,32.98,53.56,39.1,LAA,24.1,15.3,28.6,-8,48.7,24.8,25.3,24.5,15.8,18.4,20.27,29,31.5,32.98,47.8,51.4,53.56,45.9,31.2,41.5,50.1,0.4,106.4,46.7,43.1,50.6,61.9,0.4,111.5,24.98,6.49,"[{""name"": ""Reid Detmers"", ""pitch_score"": 50.2}, {""name"": ""Yusei Kikuchi"", ""pitch_score"": 47.0}, {""name"": ""Brent Suter"", ""pitch_score"": 46.7}]",0.3,0.3,31.14,24.5,28.55,20.27,39.48,32.98,57.93,53.56,18.8,3.61,Ryan Zeferjahn,-6.5,11.6,"[{""player_name"": ""Mike Trout"", ""OSI"": 70.6, ""trend"": ""falling"", ""position"": """"}, {""player_name"": ""Zach Neto"", ""OSI"": 53.8, ""trend"": ""falling"", ""position"": ""SS""}, {""player_name"": ""Jorge Soler"", ""OSI"": 51.6, ""trend"": ""falling"", ""position"": ""DH""}, {""player_name"": ""Nolan Schanuel"", ""OSI"": 51.1, ""trend"": ""stable"", ""position"": ""1B""}, {""player_name"": ""Vaughn Grissom"", ""OSI"": 50.8, ""trend"": ""falling"", ""position"": ""2B""}]",Brent Suter;Chase Silseth;Sam Bachman;José Fermin,4.9,stable,9.1,FALSE,36.7,--,51.2,3.78,38.4
69.44,94.93,100,83.86,81.5,70.9,LAD,71.8,76.2,71.8,-6.7,66.7,72.5,70.4,69.44,83.9,78.2,94.93,76.8,74.2,83.86,71.4,71.8,81.5,51.3,43.9,47.1,47.9,0.5,137.5,52.4,57.4,57.9,62.3,0.5,147.1,77.15,4.92,"[{""name"": ""Tyler Glasnow"", ""pitch_score"": 52.2}, {""name"": ""Shohei Ohtani"", ""pitch_score"": 50.4}, {""name"": ""Blake Snell"", ""pitch_score"": 49.4}]",0.4,0.4,64.25,69.44,88.4,94.93,72.6,83.86,60.5,81.5,28.6,3.37,Alex Vesia,11.3,8.3,"[{""player_name"": ""Shohei Ohtani"", ""OSI"": 67.4, ""trend"": ""stable"", ""position"": ""TWP""}, {""player_name"": ""Max Muncy"", ""OSI"": 65.0, ""trend"": ""rising"", ""position"": ""3B""}, {""player_name"": ""Max Muncy"", ""OSI"": 63.9, ""trend"": ""rising"", ""position"": ""3B""}, {""player_name"": ""Dalton Rushing"", ""OSI"": 60.8, ""trend"": ""falling"", ""position"": ""C""}, {""player_name"": ""Freddie Freeman"", ""OSI"": 59.3, ""trend"": ""rising"", ""position"": ""1B""}]",Kyle Hurt;Jack Dreyer;Edgardo Henriquez;Will Klein,5.22,falling,10.8,TRUE,85.9,--,44.5,2.93,35
46.26,19.71,26.73,34.19,42.12,47.4,MIA,44.7,13.8,26,-8,33.7,46.7,47.5,46.26,15.6,17.8,19.71,29.9,32.7,34.19,37.3,40.8,42.12,50.8,39.3,47.2,53.5,0.5,133.7,49.3,33.9,44,51.8,0.4,86.5,26.19,8.48,"[{""name"": ""Max Meyer"", ""pitch_score"": 49.4}, {""name"": ""Pete Fairbanks"", ""pitch_score"": 49.3}, {""name"": ""Lake Bachar"", ""pitch_score"": 49.3}]",0.4,0.3,39.61,46.26,17.75,19.71,35.26,34.19,52.16,42.12,21,3.34,Anthony Bender,-1.1,10.6,"[{""player_name"": ""Liam Hicks"", ""OSI"": 63.0, ""trend"": ""falling"", ""position"": """"}, {""player_name"": ""Xavier Edwards"", ""OSI"": 61.0, ""trend"": ""falling"", ""position"": ""2B""}, {""player_name"": ""Kyle Stowers"", ""OSI"": 50.8, ""trend"": ""falling"", ""position"": ""LF""}, {""player_name"": ""Javier Sanoja"", ""OSI"": 50.6, ""trend"": ""falling"", ""position"": ""3B""}, {""player_name"": ""Connor Norby"", ""OSI"": 49.4, ""trend"": ""falling"", ""position"": """"}]",Michael Petersen;John King;Calvin Faucher,5.16,falling,-3.2,FALSE,66.1,--,49.6,3.55,20.7
70.84,64.42,62.58,60.31,48.09,68.9,MIL,63.8,45.1,44.7,-7.1,37.3,64.7,71.1,70.84,46.5,55.8,64.42,49.3,56,60.31,42,45.7,48.09,48.8,31.6,37.6,36.5,0.4,99.3,51,43.2,46.5,47,0.4,110.6,53.2,3.85,"[{""name"": ""Kyle Harrison"", ""pitch_score"": 51.8}, {""name"": ""Aaron Ashby"", ""pitch_score"": 51.4}, {""name"": ""Brandon Woodruff"", ""pitch_score"": 49.8}]",0.3,0.3,63.74,70.84,57.57,64.42,51.34,60.31,35.37,48.09,25.1,3.13,Chad Patrick,9,9.9,"[{""player_name"": ""Brice Turang"", ""OSI"": 74.7, ""trend"": ""falling"", ""position"": ""2B""}, {""player_name"": ""Jake Bauers"", ""OSI"": 57.1, ""trend"": ""rising"", ""position"": ""1B""}, {""player_name"": ""William Contreras"", ""OSI"": 53.9, ""trend"": ""stable"", ""position"": ""C""}, {""player_name"": ""Garrett Mitchell"", ""OSI"": 52.0, ""trend"": ""falling"", ""position"": ""CF""}, {""player_name"": ""Christian Yelich"", ""OSI"": 48.4, ""trend"": ""stable"", ""position"": ""DH""}]",Aaron Ashby;Grant Anderson,4.77,falling,8.9,TRUE,85.6,--,49.4,3.21,30
38.39,45.73,54.5,52.36,69.91,49.3,MIN,35.8,32,38.6,-6.5,53.6,36,39.3,38.39,32,41.2,45.73,42.4,50.3,52.36,59.7,68.8,69.91,48.6,34.6,41.3,43.9,0.4,112.6,48.6,42.1,47.6,53.2,0.5,119.7,45.84,3.18,"[{""name"": ""Joe Ryan"", ""pitch_score"": 51.6}, {""name"": ""Mick Abel"", ""pitch_score"": 48.1}, {""name"": ""Taj Bradley"", ""pitch_score"": 47.8}]",0.3,0.3,43,38.39,54.82,45.73,50.19,52.36,50.03,69.91,22.9,4.5,Andrew Morris,2.2,9.1,"[{""player_name"": ""Byron Buxton"", ""OSI"": 64.9, ""trend"": ""rising"", ""position"": ""CF""}, {""player_name"": ""Trevor Larnach"", ""OSI"": 61.1, ""trend"": ""falling"", ""position"": ""LF""}, {""player_name"": ""Brooks Lee"", ""OSI"": 50.0, ""trend"": ""falling"", ""position"": ""SS""}, {""player_name"": ""Austin Martin"", ""OSI"": 47.2, ""trend"": ""falling"", ""position"": ""RF""}, {""player_name"": ""Kody Clemens"", ""OSI"": 47.2, ""trend"": ""rising"", ""position"": ""1B""}]",Eric Orze;Kody Funderburk,5.34,falling,6.3,FALSE,50.7,--,48.3,3.5,31.9
41.15,45.12,43.7,43.79,44.17,27.9,NYM,38.3,31.6,32.2,8,33.3,39.8,42.3,41.15,33.8,42.3,45.12,36.7,42.5,43.79,37.9,42.8,44.17,44.7,19.3,32.4,38.6,0.3,67.6,48.2,37.1,45.1,52.2,0.4,113.9,51.79,6.65,"[{""name"": ""Christian Scott"", ""pitch_score"": 48.3}, {""name"": ""Sean Manaea"", ""pitch_score"": 47.9}, {""name"": ""Austin Warren"", ""pitch_score"": 47.8}]",0.3,0.3,38.74,41.15,41.16,45.12,46.19,43.79,57.26,44.17,19.3,3.05,Devin Williams,-2.4,11.9,"[{""player_name"": ""Juan Soto"", ""OSI"": 78.4, ""trend"": ""stable"", ""position"": ""LF""}, {""player_name"": ""MJ Melendez"", ""OSI"": 52.4, ""trend"": ""falling"", ""position"": ""DH""}, {""player_name"": ""Brett Baty"", ""OSI"": 47.3, ""trend"": ""rising"", ""position"": ""3B""}, {""player_name"": ""Carson Benge"", ""OSI"": 42.6, ""trend"": ""stable"", ""position"": ""RF""}, {""player_name"": ""Mark Vientos"", ""OSI"": 39.3, ""trend"": ""stable"", ""position"": ""1B""}]",Brooks Raley;Luke Weaver;Huascar Brazobán;Tobias Myers;Cionel Pérez,4.76,falling,12.7,FALSE,63.3,--,49.2,2.66,30
40.02,76.82,77.14,66.99,75.02,82.1,NYY,37.1,53.8,49.5,-4.4,59.5,38.9,40.6,40.02,61.3,62.7,76.82,58.2,58.7,66.99,66.7,65,75.02,49.5,38.3,42.6,42.7,0.4,115.9,50.3,47.1,48.5,48.8,0.4,110.8,62.55,3.38,"[{""name"": ""Ryan Weathers"", ""pitch_score"": 49.5}, {""name"": ""Will Warren"", ""pitch_score"": 48.6}, {""name"": ""Max Fried"", ""pitch_score"": 47.1}]",0.3,0.3,33.43,40.02,62.92,76.82,62.59,66.99,83.06,75.02,17.4,3.04,David Bednar,4.4,13.6,"[{""player_name"": ""Ben Rice"", ""OSI"": 68.1, ""trend"": ""falling"", ""position"": ""1B""}, {""player_name"": ""Cody Bellinger"", ""OSI"": 61.8, ""trend"": ""rising"", ""position"": ""LF""}, {""player_name"": ""Aaron Judge"", ""OSI"": 61.3, ""trend"": ""stable"", ""position"": """"}, {""player_name"": ""Trent Grisham"", ""OSI"": 53.1, ""trend"": ""stable"", ""position"": """"}, {""player_name"": ""Austin Wells"", ""OSI"": 52.5, ""trend"": ""falling"", ""position"": ""C""}]",Fernando Cruz;Tim Hill;Camilo Doval;Brent Headrick,5.48,falling,5.9,FALSE,77.2,--,43.9,3.09,24.2
32.16,30.97,31.47,36.37,45.56,52.1,PHI,32,21.7,29.2,-1.9,36.2,31.6,32.7,32.16,24.8,28.3,30.97,31.6,34.6,36.37,39.8,43.1,45.56,45.5,25.5,34.5,36.8,0.4,89.3,49.6,46.2,47.4,47.2,0.5,116.3,34.5,6.21,"[{""name"": ""Zack Wheeler"", ""pitch_score"": 49.8}, {""name"": ""Tim Mayza"", ""pitch_score"": 49.7}, {""name"": ""Kyle Backhus"", ""pitch_score"": 49.2}]",0.3,0.3,36.7,32.16,38.82,30.97,38.91,36.37,40.59,45.56,21.8,3.48,Jhoan Duran,-2.5,9.1,"[{""player_name"": ""Bryce Harper"", ""OSI"": 67.4, ""trend"": ""stable"", ""position"": ""1B""}, {""player_name"": ""Kyle Schwarber"", ""OSI"": 66.9, ""trend"": ""stable"", ""position"": ""DH""}, {""player_name"": ""Brandon Marsh"", ""OSI"": 51.6, ""trend"": ""stable"", ""position"": ""LF""}, {""player_name"": ""Justin Crawford"", ""OSI"": 46.7, ""trend"": ""falling"", ""position"": ""CF""}, {""player_name"": ""J.T. Realmuto"", ""OSI"": 41.2, ""trend"": ""stable"", ""position"": ""C""}]",José Alvarado;Orion Kerkering,4.78,stable,12.9,FALSE,70.5,--,47.5,3.44,29.8
44.66,67.31,64.13,64.16,74.48,64,PIT,39.5,47.1,46.5,-8,59.4,40.2,44.8,44.66,47.1,58.6,67.31,48.9,59.9,64.16,61.3,71.4,74.48,47.3,36.6,44.6,51.7,0.4,119.9,46.4,41.2,47.6,55.7,0.4,112.3,56.16,3.75,"[{""name"": ""Braxton Ashcraft"", ""pitch_score"": 50.9}, {""name"": ""Mason Montgomery"", ""pitch_score"": 50.5}, {""name"": ""Jared Jones"", ""pitch_score"": 46.8}]",0.3,0.3,33.98,44.66,56.39,67.31,48.77,64.16,50.62,74.48,25,3.41,Carmen Mlodzinski,15.4,9.3,"[{""player_name"": ""Brandon Lowe"", ""OSI"": 71.9, ""trend"": ""stable"", ""position"": ""2B""}, {""player_name"": ""Spencer Horwitz"", ""OSI"": 64.5, ""trend"": ""rising"", ""position"": """"}, {""player_name"": ""Bryan Reynolds"", ""OSI"": 56.9, ""trend"": ""falling"", ""position"": ""LF""}, {""player_name"": ""Oneil Cruz"", ""OSI"": 52.8, ""trend"": ""falling"", ""position"": """"}, {""player_name"": ""Nick Gonzales"", ""OSI"": 50.6, ""trend"": ""stable"", ""position"": ""3B""}]",Yohan Ramírez;Isaac Mattson;Evan Sisk;Mason Montgomery,5.03,falling,3,TRUE,64.5,--,49.8,3.47,23.9
38.1,38.87,36.94,42.21,48.97,65.7,SDP,37.7,29.4,34.6,5.8,38.4,37.6,39.4,38.1,28.8,37.5,38.87,35.1,41.2,42.21,40.6,46.8,48.97,46.8,30.4,42.6,53.7,0.4,110.2,49.5,29.1,41.3,49.5,0.3,64,48.03,4.04,"[{""name"": ""Nick Pivetta"", ""pitch_score"": 54.5}, {""name"": ""Bradgley Rodriguez"", ""pitch_score"": 47.6}, {""name"": ""Walker Buehler"", ""pitch_score"": 47.1}]",0.3,0.3,36.78,38.1,32.42,38.87,39.13,42.21,48.48,48.97,22.1,2.88,Mason Miller,3.1,8.2,"[{""player_name"": ""Ty France"", ""OSI"": 67.5, ""trend"": ""falling"", ""position"": ""1B""}, {""player_name"": ""Gavin Sheets"", ""OSI"": 66.1, ""trend"": ""rising"", ""position"": ""1B""}, {""player_name"": ""Miguel Andujar"", ""OSI"": 53.7, ""trend"": ""falling"", ""position"": ""DH""}, {""player_name"": ""Xander Bogaerts"", ""OSI"": 52.9, ""trend"": ""falling"", ""position"": ""SS""}, {""player_name"": ""Fernando Tatis Jr."", ""OSI"": 46.9, ""trend"": ""stable"", ""position"": ""RF""}]",Wandy Peralta;Kyle Hart;Adrian Morejon,4.56,stable,-1.3,FALSE,58.4,--,47.7,2.36,26.4
43.75,43.38,44.24,50.07,62.23,21.8,SEA,42.5,30.4,38.3,-4.8,48.1,43,44.7,43.75,31.2,36.1,43.38,40.9,45.8,50.07,51,57.9,62.23,47.5,33.7,42.6,49.2,0.4,120.8,49.9,40.4,47.7,54.6,0.4,101.2,45.25,3.67,"[{""name"": ""Bryce Miller"", ""pitch_score"": 54.3}, {""name"": ""Logan Gilbert"", ""pitch_score"": 50.2}, {""name"": ""Bryan Woo"", ""pitch_score"": 49.7}]",0.3,0.3,43.62,43.75,42.93,43.38,39.35,50.07,32.22,62.23,25.5,3.46,José A. Ferrer,10.7,5.6,"[{""player_name"": ""Randy Arozarena"", ""OSI"": 61.7, ""trend"": ""stable"", ""position"": ""LF""}, {""player_name"": ""Luke Raley"", ""OSI"": 60.9, ""trend"": ""falling"", ""position"": ""RF""}, {""player_name"": ""J.P. Crawford"", ""OSI"": 57.5, ""trend"": ""stable"", ""position"": ""SS""}, {""player_name"": ""Dominic Canzone"", ""OSI"": 55.2, ""trend"": ""falling"", ""position"": ""DH""}, {""player_name"": ""Josh Naylor"", ""OSI"": 53.9, ""trend"": ""rising"", ""position"": ""1B""}]",Gabe Speier;Eduard Bazardo,5.69,falling,5.1,TRUE,81.9,--,48.9,3.81,21.8
45.06,23.93,40.26,43.73,65.4,51.6,SFG,44,17.7,37,-4.6,57.3,44.2,48,45.06,21.4,23.8,23.93,41.2,43.9,43.73,63.2,64.2,65.4,46.3,30.1,40.2,47.4,0.5,125.4,45.2,35.8,45.3,56.3,0.4,112.2,39.15,4.59,"[{""name"": ""Landen Roupp"", ""pitch_score"": 49.0}, {""name"": ""Logan Webb"", ""pitch_score"": 47.6}, {""name"": ""Tyler Mahle"", ""pitch_score"": 46.3}]",0.3,0.3,40.35,45.06,28.85,23.93,41.71,43.73,57.38,65.4,21.2,3.47,Ryan Walker,2,9,"[{""player_name"": ""Casey Schmitt"", ""OSI"": 56.3, ""trend"": ""stable"", ""position"": ""LF""}, {""player_name"": ""Luis Arraez"", ""OSI"": 54.5, ""trend"": ""rising"", ""position"": ""2B""}, {""player_name"": ""Drew Gilbert"", ""OSI"": 51.4, ""trend"": ""falling"", ""position"": ""CF""}, {""player_name"": ""Rafael Devers"", ""OSI"": 49.0, ""trend"": ""rising"", ""position"": ""1B""}, {""player_name"": ""Willy Adames"", ""OSI"": 48.8, ""trend"": ""rising"", ""position"": ""SS""}]",Matt Gage,5.38,stable,5.1,FALSE,41.2,--,53.3,3.65,29.3
52.3,57.22,64.48,56.14,57.64,54.9,STL,50.2,40.1,40.6,-0.7,41.5,50.3,53.9,52.3,40.3,50.2,57.22,45.4,52.1,56.14,48.2,53.1,57.64,48.4,32.8,40.6,44,0.4,108.8,48.6,45.2,49.1,53.8,0.4,125.1,55.42,4.54,"[{""name"": ""Dustin May"", ""pitch_score"": 48.1}, {""name"": ""Hunter Dobbins"", ""pitch_score"": 48.0}, {""name"": ""Andre Pallante"", ""pitch_score"": 45.6}]",0.3,0.3,60.84,52.3,62.64,57.22,58.87,56.14,53.16,57.64,19.8,4.39,Riley O'Brien,-2.7,8.2,"[{""player_name"": ""Alec Burleson"", ""OSI"": 64.1, ""trend"": ""stable"", ""position"": ""1B""}, {""player_name"": ""Jordan Walker"", ""OSI"": 63.5, ""trend"": ""falling"", ""position"": ""RF""}, {""player_name"": ""JJ Wetherholt"", ""OSI"": 57.2, ""trend"": ""falling"", ""position"": ""2B""}, {""player_name"": ""Nolan Gorman"", ""OSI"": 46.5, ""trend"": ""stable"", ""position"": """"}, {""player_name"": ""Masyn Winn"", ""OSI"": 42.1, ""trend"": ""falling"", ""position"": ""SS""}]",Ryne Stanek;JoJo Romero;Justin Bruihl;Gordon Graceffo,5.29,falling,8.5,FALSE,41.6,--,49.9,4.81,33.3
79.44,31.92,39.24,47.36,42.1,30.9,TBR,74.3,22.3,35.5,-8,32.6,78.2,82.3,79.44,27,28.9,31.92,42.3,44.7,47.36,37.4,39.3,42.1,47.1,25.5,37.8,45.3,0.4,84,47.3,37.2,46.8,57.4,0.4,111.3,39.36,3.92,"[{""name"": ""Drew Rasmussen"", ""pitch_score"": 50.9}, {""name"": ""Joe Boyle"", ""pitch_score"": 48.1}, {""name"": ""Ian Seymour"", ""pitch_score"": 47.8}]",0.3,0.3,73.27,79.44,23.08,31.92,35.99,47.36,24.12,42.1,20,3.5,Ian Seymour,11.4,7,"[{""player_name"": ""Jonathan Aranda"", ""OSI"": 63.1, ""trend"": ""falling"", ""position"": ""1B""}, {""player_name"": ""Junior Caminero"", ""OSI"": 60.1, ""trend"": ""stable"", ""position"": ""3B""}, {""player_name"": ""Richie Palacios"", ""OSI"": 53.0, ""trend"": ""falling"", ""position"": ""2B""}, {""player_name"": ""Hunter Feduccia"", ""OSI"": 51.3, ""trend"": ""falling"", ""position"": ""C""}, {""player_name"": ""Taylor Walls"", ""OSI"": 49.0, ""trend"": ""rising"", ""position"": ""SS""}]",Casey Legumina,5.03,falling,9,TRUE,63.3,--,48,3.11,19.2
39.54,39.06,36.46,40.96,44.14,42.6,TEX,37.6,27.3,31.9,-3.8,35,38.5,40.4,39.54,31.7,33.8,39.06,36.3,37.7,40.96,40.7,40.7,44.14,47.2,30.2,37.4,38.7,0.4,110.5,49.9,47.5,48,47.2,0.4,121.6,37.19,3.13,"[{""name"": ""Jacob Latz"", ""pitch_score"": 51.6}, {""name"": ""Jacob deGrom"", ""pitch_score"": 51.5}, {""name"": ""Nathan Eovaldi"", ""pitch_score"": 48.4}]",0.3,0.3,31.46,39.54,39.14,39.06,40.01,40.96,47.1,44.14,22.9,3.21,Jacob Latz,1,4.8,"[{""player_name"": ""Brandon Nimmo"", ""OSI"": 54.9, ""trend"": ""falling"", ""position"": ""RF""}, {""player_name"": ""Joc Pederson"", ""OSI"": 53.1, ""trend"": ""stable"", ""position"": ""DH""}, {""player_name"": ""Alejandro Osuna"", ""OSI"": 52.7, ""trend"": ""falling"", ""position"": ""LF""}, {""player_name"": ""Josh Jung"", ""OSI"": 51.9, ""trend"": ""falling"", ""position"": ""3B""}, {""player_name"": ""Evan Carter"", ""OSI"": 50.2, ""trend"": ""stable"", ""position"": """"}]",Cole Winn;Peyton Gray,5.35,falling,10.6,FALSE,60.4,--,49,2.45,33.3
56.72,15.57,27.4,35.48,43.07,57.7,TOR,55.2,12.5,30.4,-7.6,36.4,58.1,57.4,56.72,14.3,13.6,15.57,33.5,33.2,35.48,39.7,40.7,43.07,50.2,35.6,43.5,47.8,0.5,122.1,50.4,43.6,49.5,55.7,0.4,125.7,27.92,4.47,"[{""name"": ""Dylan Cease"", ""pitch_score"": 53.4}, {""name"": ""Cody Ponce"", ""pitch_score"": 51.0}, {""name"": ""Adam Macko"", ""pitch_score"": 50.3}]",0.3,0.4,53.6,56.72,23.86,15.57,34.6,35.48,33.3,43.07,21.7,2.72,Louis Varland,0.9,7.7,"[{""player_name"": ""Daulton Varsho"", ""OSI"": 53.5, ""trend"": ""rising"", ""position"": ""CF""}, {""player_name"": ""Brandon Valenzuela"", ""OSI"": 50.9, ""trend"": ""rising"", ""position"": ""C""}, {""player_name"": ""Vladimir Guerrero Jr."", ""OSI"": 50.5, ""trend"": ""falling"", ""position"": ""1B""}, {""player_name"": ""Kazuma Okamoto"", ""OSI"": 50.4, ""trend"": ""falling"", ""position"": ""3B""}, {""player_name"": ""Ernie Clement"", ""OSI"": 48.7, ""trend"": ""stable"", ""position"": ""2B""}]",Braydon Fisher;Mason Fluharty,4.64,stable,6,FALSE,63.1,--,47.9,2.96,18.4
48.96,52.61,71.25,57.81,70.07,77,WSN,48.1,41.4,50.9,1.3,64.3,49.3,49.2,48.96,52.1,43,52.61,58.2,52.2,57.81,71.7,65.3,70.07,50.1,44.1,50.7,58.7,0.6,150.2,48.1,46.8,52.6,62.6,0.5,132.7,59.12,5.09,"[{""name"": ""Andrew Alvarez"", ""pitch_score"": 49.6}, {""name"": ""Foster Griffin"", ""pitch_score"": 48.3}, {""name"": ""Cade Cavalli"", ""pitch_score"": 48.2}]",0.4,0.4,48.58,48.96,60.32,52.61,65.85,57.81,84.49,70.07,20.4,4.35,Clayton Beeter,-8,8.9,"[{""player_name"": ""Curtis Mead"", ""OSI"": 76.2, ""trend"": ""rising"", ""position"": ""1B""}, {""player_name"": ""James Wood"", ""OSI"": 75.6, ""trend"": ""falling"", ""position"": ""RF""}, {""player_name"": ""CJ Abrams"", ""OSI"": 71.1, ""trend"": ""falling"", ""position"": ""SS""}, {""player_name"": ""Daylen Lile"", ""OSI"": 55.7, ""trend"": ""falling"", ""position"": ""LF""}, {""player_name"": ""Jacob Young"", ""OSI"": 46.1, ""trend"": ""stable"", ""position"": ""CF""}]",Mitchell Parker;Brad Lord,4.39,stable,1.9,TRUE,31.2,--,49.1,4.87,46.3
